Id,BIRTHDATE,DEATHDATE,SSN,DRIVERS,PASSPORT,PREFIX,FIRST,LAST,SUFFIX,MAIDEN,MARITAL,RACE,ETHNICITY,GENDER,BIRTHPLACE,ADDRESS,CITY,STATE,COUNTY,FIPS,ZIP,LAT,LON,HEALTHCARE_EXPENSES,HEALTHCARE_COVERAGE,INCOME,CURRENT_AGE,TOTAL_CONDITIONS,TOTAL_ENCOUNTER,ASTHMA_REASON_ENCOUNTER,SYMPTOM_ENCOUNTER,EMERGENCY_ENCOUNTER,URGENT_CARE_ENCOUNTER,ASTHMA_FU_ENCOUNTER,Measurement_avg pm25_2017,Measurement_avg pm25_2018,Measurement_avg pm25_2019,Measurement_avg pm25_2020,Measurement_avg pm25_2021,Measurement_avg pm25_2022,Measurement_avg pm25_2023,Measurement_avg pm25_2024,IS_SEVERE,HIGH_POLLUTION
2e88d207-95b7-2ea8-ea61-b9f843bdfa91,2013-12-28,,999-39-2671,,,,Lucio648,Murazik203,,,,white,nonhispanic,M,Quincy  Massachusetts  US,141 Olson Forge Suite 46,Oxford,Massachusetts,Worcester County,25027.0,1540,42.095155434839526,-71.90425314963035,4657.98,23106.82,10359,10.0,8,41,4,10,1.0,3.0,3.0,9.705,8.905,7.905,7.305000000000001,8.205,7.405,7.505,6.505,False,False
14012fd6-f062-1317-93aa-12aa96fd5f70,2015-01-17,,999-79-6351,,,,Freddie621,Murphy561,,,,white,nonhispanic,F,Boston  Massachusetts  US,511 Schulist Highlands Suite 17,Petersham,Massachusetts,Worcester County,25027.0,1366,42.44032810045709,-72.22986405606348,32594.83,1207.52,792644,9.0,5,53,7,11,4.0,4.0,4.0,10.15,9.75,8.85,8.25,8.85,8.35,8.35,8.05,True,True
b43d2265-faaa-2f31-063e-0c7853c38d42,2014-10-22,,999-48-1809,,,,Antwan357,Bashirian201,,,,white,nonhispanic,M,Wareham Center  Massachusetts  US,898 Terry Annex Unit 38,East Bridgewater,Massachusetts,Plymouth County,,0,42.041715905311335,-70.97287877877372,11199.66,4704.96,62018,10.0,2,29,6,3,,,5.0,10.97,9.77,8.97,8.47,9.07,8.37,8.07,7.07,True,True
0fb829c8-debb-2e40-4597-675402fae580,2018-07-17,,999-41-5688,,,,Franklyn361,Welch179,,,,white,nonhispanic,M,Cambridge  Massachusetts  US,665 Strosin Path Suite 83,Milton,Massachusetts,Norfolk County,25021.0,2186,42.2174233631454,-71.07339813682448,22108.33,1733.48,151475,6.0,6,30,1,8,,2.0,,10.895454545454545,9.595454545454544,8.795454545454547,8.395454545454545,8.895454545454545,7.995454545454545,7.695454545454544,6.295454545454545,False,False
4316ed86-2f29-2c3c-7027-954353ffe0be,2017-03-31,,999-89-8570,,,,Steven797,Braun514,,,,white,nonhispanic,M,Amherst  Massachusetts  US,387 Trantow Street,Reading,Massachusetts,Middlesex County,25017.0,1801,42.51932261519663,-71.11517255759851,1980.0,19516.05,14071,7.0,7,31,1,8,,2.0,,10.02142857142857,8.821428571428571,7.921428571428571,7.421428571428571,8.221428571428572,7.421428571428571,7.0214285714285705,6.121428571428572,False,False
eaacf4e7-37a7-01fe-0257-1bfcf9f39cd8,2016-03-29,,999-84-9227,,,,Kristen940,Gerlach374,,,,white,nonhispanic,F,Duxbury  Massachusetts  US,943 Strosin Mews Apt 81,Framingham,Massachusetts,Middlesex County,25017.0,1701,42.32646020237912,-71.43180829123983,3750.0,23060.26,11199,8.0,11,40,5,9,1.0,4.0,4.0,11.332122564935064,10.332122564935064,9.432122564935066,8.832122564935064,9.632122564935065,8.932122564935066,8.732122564935064,7.832122564935065,True,True
997aa3a1-2bb5-8280-d4bf-dffe0e3f6709,2015-09-10,,999-71-4458,,,,Bess947,Bednar518,,,,white,nonhispanic,F,Agawam  Massachusetts  US,581 Sporer Port Apt 60,Lynn,Massachusetts,Essex County,25009.0,1905,42.51410231691953,-71.01515849593517,9869.0,8881.99,62821,9.0,6,33,4,4,,3.0,3.0,11.278053977272728,10.178053977272729,9.378053977272728,8.978053977272726,9.578053977272727,8.778053977272727,8.478053977272726,7.378053977272727,False,True
17786c00-6e24-bf52-85f2-0448d275dd90,2016-07-03,,999-41-8990,,,,Beatriz277,Lomeli256,,,,white,hispanic,F,Marigot  Saint Andrew Parish  DM,1079 Mueller Flat Unit 29,Northbridge,Massachusetts,Worcester County,,0,42.08457246255593,-71.65076878616394,16463.29,88.96,44603,8.0,4,27,6,3,,,3.0,10.765625,9.965625,8.965625,8.465625,9.365625,8.465625,8.565625,7.565625,True,True
8a80a502-5ca2-bdaf-47a1-764480da4033,2014-01-11,,999-52-3347,,,,Stanton715,Gleason633,,,,white,nonhispanic,M,Dracut  Massachusetts  US,923 Bednar Gardens,Westborough,Massachusetts,Worcester County,25027.0,1581,42.31335453654249,-71.62697372471989,23466.67,1273.07,101794,10.0,6,28,6,3,1.0,1.0,5.0,10.926285714285717,10.026285714285716,9.026285714285716,8.426285714285715,9.326285714285714,8.626285714285714,8.526285714285715,7.726285714285714,True,True
2dd518c6-2d23-81a2-69a5-a84476ae46ef,2013-04-11,,999-34-9761,,,,Fred155,Ortiz186,,,,white,nonhispanic,F,Boston  Massachusetts  US,595 Ferry Track,Fitchburg,Massachusetts,Worcester County,25027.0,1420,42.55804420393442,-71.77769952220832,26559.2,20275.4,26454,11.0,5,37,6,7,3.0,2.0,5.0,9.968579545454546,9.268579545454545,8.368579545454546,7.868579545454545,8.268579545454545,7.868579545454545,7.768579545454545,7.468579545454546,True,False
76f8a893-e0bd-23ce-b4dc-e67eecd34812,2012-03-09,,999-98-6910,,,,Kevin729,Cremin516,,,,white,nonhispanic,M,Sheffield  Massachusetts  US,590 Glover Frontage road,Belchertown,Massachusetts,Hampshire County,25015.0,1007,42.32527000756397,-72.39971725634896,9040.4,26290.73,73024,12.0,6,33,5,5,1.0,4.0,3.0,9.76875,9.06875,7.96875,7.36875,8.46875,7.668749999999999,7.56875,7.06875,True,False
9345f503-2db3-92b7-dd8d-be51c94677ba,2015-12-28,,999-90-4285,,,,Kathleen516,Brakus656,,,,white,nonhispanic,F,Maynard  Massachusetts  US,635 Reinger Terrace,Boston,Massachusetts,Suffolk County,25025.0,2130,42.326800680193855,-71.06990409899738,2497.74,13565.89,23338,8.0,5,30,7,7,,,5.0,11.911481910946195,10.511481910946197,9.711481910946196,9.311481910946195,9.911481910946195,8.911481910946197,8.611481910946196,7.311481910946196,True,True
533053be-97d7-6518-44e4-42ea89286ada,2018-01-14,,999-55-4574,,,,Renaldo199,Hickle134,,,,white,nonhispanic,M,Pittsfield  Massachusetts  US,237 Swaniawski Alley,Needham,Massachusetts,Norfolk County,25021.0,2494,42.28366728765011,-71.27146423944504,14250.09,2600.25,29,6.0,6,31,1,8,2.0,,,10.713392857142855,9.513392857142858,8.713392857142857,8.213392857142857,8.813392857142858,8.013392857142858,7.713392857142856,6.513392857142857,False,False
0425de03-644d-c1c8-017e-e766c6f18ea4,2012-07-29,,999-76-1549,,,,Joel444,King743,,,,white,nonhispanic,M,Mansfield Center  Massachusetts  US,965 Rath Spur,Mattapoisett,Massachusetts,Plymouth County,,0,41.67089311596522,-70.77524525607649,17580.01,17586.8,181883,12.0,3,29,5,5,1.0,3.0,4.0,8.928068181818182,8.628068181818183,7.728068181818182,7.328068181818182,7.828068181818182,7.028068181818182,7.128068181818182,6.128068181818182,True,False
c8cda479-eb94-5916-e009-50ca944faa71,2015-10-24,,999-93-2171,,,,Charmain607,Wiegand701,,,,white,nonhispanic,F,Fitchburg  Massachusetts  US,803 Moen Gardens,Holyoke,Massachusetts,Hampden County,25013.0,1040,42.199182449960446,-72.6858491678808,3450.0,65547.69,23508,9.0,4,43,8,7,3.0,2.0,6.0,11.128409090909091,10.32840909090909,9.128409090909091,8.628409090909091,9.92840909090909,8.728409090909091,8.728409090909091,8.228409090909091,True,True
64b9134c-4a00-6e69-ad4a-ba67ca675f90,2012-01-30,,999-21-6931,,,,Palmira118,Morar593,,,,white,nonhispanic,F,Salem  Massachusetts  US,476 Sipes Union Unit 30,Hubbardston,Massachusetts,Worcester County,,0,42.520700973160096,-71.98383056333863,26557.82,23929.65,63797,12.0,5,28,2,5,3.0,1.0,1.0,8.0125,7.5125,6.6125,6.0125,6.5125,6.0125,6.0125,5.6125,False,False
c9edf80c-5449-ce0a-c8f1-9db23d93e6a7,2012-05-24,,999-66-7428,,,,Karol905,Gislason620,,,,white,nonhispanic,F,Medway  Massachusetts  US,1087 Wolff Ferry,Medford,Massachusetts,Middlesex County,25017.0,2155,42.44823075851004,-71.14606767956295,2868.76,27940.56,21053,12.0,3,31,7,6,2.0,2.0,5.0,11.195535714285716,9.995535714285715,9.195535714285716,8.795535714285714,9.295535714285714,8.495535714285715,8.095535714285715,6.895535714285714,True,True
0592d4ae-6e78-f9ec-cfad-cbeaf6990985,2015-08-16,,999-26-1796,,,,Dennis979,Jenkins714,,,,white,nonhispanic,M,Somerville  Massachusetts  US,844 Gibson Grove Apt 99,Dalton,Massachusetts,Berkshire County,,0,42.48443230661962,-73.16456434298438,3300.89,24309.44,2069,9.0,8,37,2,8,1.0,5.0,1.0,7.725,7.424999999999999,6.525,6.025,6.525,5.925,6.025,6.025,False,False
9d7f995a-b2f2-4c37-f496-48b53a3c0f10,2012-04-28,,999-17-4206,,,,Daysi106,Williamson769,,,,white,nonhispanic,F,Lexington  Massachusetts  US,560 Pacocha Harbor Apt 38,Barnstable,Massachusetts,Barnstable County,25001.0,2637,41.73911786984523,-70.28845775770834,16986.55,9791.07,194038,12.0,4,34,5,9,,5.0,4.0,8.138352272727273,7.838352272727272,7.0383522727272725,6.738352272727273,7.138352272727272,6.438352272727272,6.338352272727272,5.638352272727272,True,False
0d3bb85c-c1ed-b720-d09c-e8f667eb8fa2,2012-11-03,,999-61-8204,,,,Kieth891,Hammes673,,,,white,nonhispanic,M,Marshfield Hills  Massachusetts  US,512 Murphy Bay Apt 47,Boston,Massachusetts,Suffolk County,25025.0,2113,42.36038160551594,-70.97602802750382,3350.0,15440.16,13497,12.0,5,27,3,5,2.0,2.0,1.0,11.911481910946195,10.511481910946197,9.711481910946196,9.311481910946195,9.911481910946195,8.911481910946197,8.611481910946196,7.311481910946196,False,True
aa9f9ff1-e14b-215d-05e3-29d6c178edd6,2016-10-19,,999-56-2818,,,,Latesha830,Schultz619,,,,white,nonhispanic,F,Natick  Massachusetts  US,846 Cummerata Path,Easthampton,Massachusetts,Hampshire County,25015.0,1027,42.2866743406433,-72.62891986406784,17651.08,895.65,40845,8.0,5,24,2,3,1.0,,1.0,9.23125,8.431249999999999,7.33125,6.83125,7.931249999999999,7.031249999999999,6.93125,6.53125,False,False
242d7569-e7f3-d519-1531-e85a93d55e99,2012-10-15,,999-27-8889,,,,Luciana251,Hodkiewicz467,,,,white,nonhispanic,F,Malden  Massachusetts  US,118 Dicki Wynd Apt 94,Worcester,Massachusetts,Worcester County,25027.0,1609,42.22196040431704,-71.73027961235627,3798.24,21530.24,1084,12.0,5,30,8,5,1.0,1.0,6.0,10.227619047619047,9.427619047619048,8.427619047619048,7.827619047619047,8.727619047619047,7.927619047619048,7.927619047619048,7.127619047619048,True,True
8d2f0872-9882-50cc-4099-0452f3b50877,2018-09-26,,999-32-4978,,,,Mabelle762,Kuvalis369,,,,white,nonhispanic,F,North Attleborough  Massachusetts  US,225 Miller Club Apt 23,West Boylston,Massachusetts,Worcester County,,0,42.32049593004767,-71.77341376517107,8888.12,7414.43,156817,6.0,9,23,4,4,,,2.0,10.725,10.025,9.025,8.425,9.125,8.524999999999999,8.425,7.825,False,True
fc6c6d33-ff78-72f4-9515-1579f24f79ed,2018-02-25,,999-73-9503,,,,Lizbeth716,Maggio310,,,,white,nonhispanic,F,Waltham  Massachusetts  US,778 Bernhard Trafficway,Arlington,Massachusetts,Middlesex County,25017.0,2476,42.40276256834803,-71.12573561249332,10799.07,8326.79,585780,6.0,9,29,1,7,1.0,2.0,,10.8015,9.5015,8.7015,8.3015,8.8015,8.0015,7.601500000000001,6.5015,False,False
bed5b059-6499-0b60-7da9-edc4ba4cf164,2015-03-04,,999-45-7879,,,,Luis923,Rojas511,,,,white,hispanic,M,Kingston  Kingston  JM,681 Ullrich Center,Lowell,Massachusetts,Middlesex County,25017.0,1851,42.66831376644105,-71.328924991193,3950.0,17410.34,14086,9.0,6,41,8,9,,3.0,5.0,10.687624950806768,9.587624950806768,8.587624950806768,8.187624950806768,8.887624950806769,8.28762495080677,7.987624950806769,7.387624950806769,True,True
99405e8d-9a27-0dd4-6a4f-6988a85b965b,2012-04-20,,999-82-3315,,,,Junior695,Gibson10,,,,white,hispanic,M,New Bedford  Massachusetts  US,763 Green Dale Apt 30,Pepperell,Massachusetts,Middlesex County,25017.0,1463,42.70543324469265,-71.64748216730644,12065.48,123825.03,649864,12.0,3,32,4,1,3.0,,2.0,9.45,8.65,7.75,7.25,7.75,7.25,7.15,6.75,False,False
f8ca7d4c-8c0c-d5ad-9610-18812ce4da92,2018-02-12,,999-59-4461,,,,Trent525,Hackett68,,,,white,nonhispanic,M,Holliston  Massachusetts  US,405 Johns Wynd,Northbridge,Massachusetts,Worcester County,,0,42.111804620214535,-71.61614984647065,11186.09,11313.3,165431,6.0,4,33,3,5,2.0,3.0,2.0,10.765625,9.965625,8.965625,8.465625,9.365625,8.465625,8.565625,7.565625,False,True
e583d057-6884-ee0a-f23e-ae8ee38a95d2,2017-02-04,,999-67-3490,,,,Henry768,Lakin515,,,,white,nonhispanic,F,Worcester  Massachusetts  US,845 Breitenberg Wall,Ludlow,Massachusetts,Hampden County,,0,42.18484221574808,-72.44249572507647,22574.49,3954.91,927966,7.0,6,27,3,5,2.0,,2.0,9.964571428571428,9.164571428571428,7.964571428571429,7.364571428571428,8.664571428571428,7.564571428571429,7.564571428571429,6.964571428571428,False,False
18f41eeb-f742-b49b-bd92-4ca843a0571a,2014-12-25,,999-72-9405,,,,Arnulfo253,Bradtke547,,,,white,nonhispanic,M,Franklin  Massachusetts  US,542 Armstrong Haven Apt 56,Newton,Massachusetts,Middlesex County,25017.0,2465,42.30133962014239,-71.22499417928218,20717.13,3605.73,775562,9.0,8,33,4,5,,2.0,2.0,11.575,10.275,9.475,8.975,9.575,8.774999999999999,8.475,7.275,False,True
3ec898c7-5bb0-d50f-b2e0-5bb9ffae3c3a,2014-09-07,,999-11-4644,,,,Darren774,Harris789,,,,white,nonhispanic,M,Malden  Massachusetts  US,611 Lubowitz Club Unit 93,Southborough,Massachusetts,Worcester County,,0,42.333830916655145,-71.49833489928484,4739.64,18627.13,406519,10.0,5,34,3,5,3.0,1.0,2.0,9.9225,8.9225,8.0225,7.4225,8.2225,7.5225,7.4225,6.6225,False,False
9a06fb15-3923-1980-152a-cceabcabe7c8,2018-08-14,,999-66-9175,,,,Ruth999,White193,,,,white,hispanic,F,Charlton  Massachusetts  US,370 Grimes Corner Apt 32,Sharon,Massachusetts,Norfolk County,25021.0,2067,42.12259589268314,-71.17670677448056,5918.77,16805.53,34163,6.0,7,28,2,4,1.0,2.0,1.0,11.38108552631579,10.181085526315789,9.281085526315788,8.781085526315788,9.48108552631579,8.681085526315789,8.38108552631579,7.281085526315789,False,True
501ed319-9373-bbaf-981e-acff5c9717cb,2016-02-26,,999-50-9720,,,,Lisha487,Kirlin939,,,,white,nonhispanic,F,Worcester  Massachusetts  US,959 Schaden Bypass Suite 39,Quincy,Massachusetts,Norfolk County,25021.0,2169,42.21259360864222,-71.13041684483471,2589.48,16947.01,30739,8.0,4,32,5,6,1.0,,3.0,11.992534090909093,10.69253409090909,9.892534090909091,9.492534090909093,10.09253409090909,9.09253409090909,8.79253409090909,7.492534090909091,True,True
cada3719-aef1-271c-cd68-16dd28c1487a,2013-12-02,,999-85-7092,,,,Audrea654,Hirthe744,,,,white,nonhispanic,F,Warren  Massachusetts  US,480 Pagac Manor,Malden,Massachusetts,Middlesex County,25017.0,2155,42.400159104197,-71.01009086302854,4350.0,23931.71,8846,10.0,8,39,3,8,2.0,4.0,1.0,11.01909090909091,9.819090909090908,9.01909090909091,8.61909090909091,9.11909090909091,8.319090909090908,7.91909090909091,6.819090909090909,False,True
b2002c05-6df7-03b0-4e47-37dadc7270f5,2014-07-07,,999-24-5241,,,,Rodney21,Goodwin327,,,,asian,nonhispanic,M,Wilbraham  Massachusetts  US,175 Bartoletti Route Unit 73,Watertown,Massachusetts,Middlesex County,25017.0,2472,42.35712587861767,-71.14271129977739,16684.19,588.82,162754,10.0,3,28,4,4,,,3.0,11.405,10.105,9.305,8.905000000000001,9.405,8.605,8.205000000000002,7.105,False,True
8d29e373-b895-2c6e-2c33-2ac6ad190de2,2012-03-30,,999-65-1159,,,,Robt687,Bednar518,,,,white,nonhispanic,M,Woburn  Massachusetts  US,1063 Gerhold Quay Unit 18,Worcester,Massachusetts,Worcester County,25027.0,1605,42.26729007835118,-71.78816252585874,5298.3,34486.93,17200,12.0,4,42,8,9,2.0,5.0,7.0,10.227619047619047,9.427619047619048,8.427619047619048,7.827619047619047,8.727619047619047,7.927619047619048,7.927619047619048,7.127619047619048,True,True
32ace8e5-88c5-cca1-248c-19af5428cb46,2013-10-11,,999-17-8916,,,,Jonathan639,Lebsack687,,,,white,nonhispanic,M,North Scituate  Massachusetts  US,957 Quigley Club,Fitchburg,Massachusetts,Worcester County,25027.0,1420,42.62849343145682,-71.84435130822344,4600.0,32175.49,16828,11.0,7,41,10,9,2.0,2.0,7.0,9.968579545454546,9.268579545454545,8.368579545454546,7.868579545454545,8.268579545454545,7.868579545454545,7.768579545454545,7.468579545454546,True,False
1b56ab6c-4a27-00b4-5775-3f24ba60c8ed,2013-07-07,,999-11-3336,,,,Shira43,McCullough561,,,,white,nonhispanic,F,Worcester  Massachusetts  US,472 Rolfson Haven,Burlington,Massachusetts,Middlesex County,25017.0,1803,42.49796928138045,-71.15721323036409,21620.39,33915.68,218203,11.0,7,34,6,6,1.0,2.0,5.0,11.561363636363636,10.361363636363636,9.461363636363636,9.061363636363636,9.661363636363635,8.961363636363636,8.661363636363635,7.761363636363636,True,True
47cf5d67-ebcb-1940-d0a3-5b593427b652,2016-09-04,,999-33-3609,,,,Tami145,Abernathy524,,,,white,nonhispanic,F,Greenfield  Massachusetts  US,860 Pagac Bay,Tyngsborough,Massachusetts,Middlesex County,,0,42.70505957265226,-71.43101487841136,6463.09,11436.69,30461,8.0,4,25,3,4,1.0,,2.0,10.109375,9.209375,8.209375,7.709375,8.409374999999999,7.909375,7.609375000000001,7.209375,False,False
7f9d58b5-df60-a2e1-b88b-c08a2ebe362d,2018-04-26,,999-97-1285,,,,Vonnie403,Osinski784,,,,white,nonhispanic,F,Arlington  Massachusetts  US,1008 Koss Glen Unit 18,Springfield,Massachusetts,Hampden County,25013.0,1020,42.15435545849534,-72.49252673514543,1650.0,12457.39,16355,6.0,6,22,2,6,,,1.0,10.908357771260995,10.008357771260998,8.708357771260998,8.108357771260998,9.608357771260998,8.308357771260997,8.308357771260997,7.708357771260997,False,True
b9a1e6f8-d995-6a75-af72-10faf79407ab,2016-11-16,,999-61-7030,,,,Erica194,Macejkovic424,,,,white,nonhispanic,F,Pittsfield  Massachusetts  US,909 Kessler Divide Unit 3,Brockton,Massachusetts,Plymouth County,25023.0,2302,42.04606048260544,-71.07238668344799,11906.2,13010.96,36768,8.0,4,24,3,3,1.0,2.0,2.0,10.916051136363636,9.616051136363636,8.816051136363635,8.316051136363635,8.916051136363636,8.116051136363636,7.816051136363636,6.716051136363636,False,False
a5a6e93d-a17e-f8ce-67db-66539fe111ca,2018-09-28,,999-99-1207,,,,Willette878,Schmeler639,,,,white,nonhispanic,F,Leominster  Massachusetts  US,1065 Cormier Parade,Norwood,Massachusetts,Norfolk County,25021.0,2090,42.17343893600711,-71.15254168786109,5732.13,16408.23,86940,6.0,7,26,2,5,,3.0,1.0,10.65,9.45,8.65,8.05,8.75,7.950000000000001,7.65,6.449999999999999,False,False
3ae758fa-66e5-e4b4-ad3c-59ea73050ca4,2014-01-27,,999-59-4025,,,,Jesús825,Oquendo599,,,,white,hispanic,M,Santiago  Santiago Province  CL,879 Weissnat Burg Unit 97,Saugus,Massachusetts,Essex County,25009.0,1906,42.43247288381826,-71.01374443359028,19498.38,1066.99,448776,10.0,6,35,9,4,1.0,2.0,8.0,11.86465909090909,10.66465909090909,9.86465909090909,9.46465909090909,10.06465909090909,9.26465909090909,8.96465909090909,7.86465909090909,True,True
cc45236e-227e-407b-d880-d83e9b358453,2018-08-29,,999-57-2366,,,,Lynetta635,Wilderman619,,,,white,nonhispanic,F,Chicopee  Massachusetts  US,770 Beahan Lodge,Hopkinton,Massachusetts,Middlesex County,25017.0,1748,42.195559458307,-71.49450361481446,8877.44,7922.8,73334,6.0,5,25,1,5,,2.0,,10.0296875,9.1296875,8.2296875,7.6296875,8.4296875,7.7296875,7.6296875,6.7296875,False,False
c258b4d9-348a-ae21-6034-ce0115dae6d5,2013-09-03,,999-55-2835,,,,Zachary28,Cummerata161,,,,white,hispanic,M,Boston  Massachusetts  US,167 Hermiston Esplanade,Fitchburg,Massachusetts,Worcester County,25027.0,1420,42.61623463407316,-71.82683973248535,21623.94,30339.24,115231,11.0,7,46,6,8,4.0,5.0,4.0,9.968579545454546,9.268579545454545,8.368579545454546,7.868579545454545,8.268579545454545,7.868579545454545,7.768579545454545,7.468579545454546,True,False
0cc78bb3-f90e-4d26-1295-c8fa9ebd48d9,2016-09-16,,999-41-2060,,,,Donovan745,Heidenreich818,,,,white,nonhispanic,M,Lexington  Massachusetts  US,320 Blanda Ferry,Boston,Massachusetts,Suffolk County,25025.0,2114,42.35524439000894,-71.0270867527259,9339.36,23567.58,824717,8.0,1,28,1,4,2.0,,,11.911481910946195,10.511481910946197,9.711481910946196,9.311481910946195,9.911481910946195,8.911481910946197,8.611481910946196,7.311481910946196,False,True
9cf536ba-609f-eca2-0a49-a0d5ca5e2828,2018-11-07,,999-34-6615,,,,Camille85,Rath779,,,,white,nonhispanic,F,Shrewsbury  Massachusetts  US,578 Terry Camp Suite 9,Northborough,Massachusetts,Worcester County,25027.0,1532,42.35853240519668,-71.60413393123572,20351.23,5427.0,48195,6.0,3,32,5,6,1.0,3.0,2.0,11.72627840909091,10.82627840909091,9.82627840909091,9.32627840909091,10.126278409090908,9.426278409090909,9.32627840909091,8.626278409090908,True,True
72ebb93a-5523-3c98-6d42-1b046566bb32,2016-05-13,,999-20-4689,,,,Gabriela205,Delgadillo349,,,,white,hispanic,F,Juarez  Chihuahua  MX,637 Runolfsson Passage,Cambridge,Massachusetts,Middlesex County,25017.0,2138,42.42064424463992,-71.13836777791421,20765.43,15950.33,33705,8.0,7,38,2,6,4.0,2.0,1.0,11.258359375,9.958359375,9.158359375,8.758359375,9.358359375,8.358359375000001,8.058359375,6.758359375,False,True
424390d7-265c-a9da-070b-4a9a1ce17940,2012-07-22,,999-12-7019,,,,Reatha769,Klein929,,,,white,nonhispanic,F,Southwick  Massachusetts  US,1067 Towne Viaduct Unit 86,Marlborough,Massachusetts,Middlesex County,25017.0,1752,42.34145152232956,-71.50584940149432,28018.33,11954.39,66856,12.0,4,39,7,8,1.0,6.0,5.0,10.770652173913044,9.770652173913044,8.870652173913044,8.270652173913044,9.070652173913045,8.470652173913043,8.270652173913044,7.570652173913043,True,True
4164811d-571b-f2ef-580e-e2be04efc0e1,2017-07-27,,999-48-6943,,,,Jamika47,Gutmann970,,,,black,nonhispanic,F,Barre  Massachusetts  US,870 O'Keefe Grove,Weymouth,Massachusetts,Norfolk County,25021.0,2189,42.214927314425935,-70.98966401231799,9954.87,16008.04,33234,7.0,8,33,5,5,,5.0,3.0,11.633928571428571,10.43392857142857,9.73392857142857,9.333928571428572,9.833928571428572,8.93392857142857,8.73392857142857,7.433928571428571,True,True
f0f2b453-e07d-2587-15aa-3315ad29f288,2013-12-09,,999-16-7123,,,,Lino542,Parisian75,,,,white,nonhispanic,M,Wrentham  Massachusetts  US,576 Koss Manor Apt 87,Newburyport,Massachusetts,Essex County,25009.0,1951,42.77480257367014,-70.83792871214851,38292.42,0.0,83453,10.0,5,28,4,2,2.0,,3.0,9.505,8.805,8.104999999999999,7.604999999999999,8.504999999999999,8.004999999999999,7.604999999999999,6.605,False,False
ef309098-df92-5861-1a00-b631bc04582f,2016-08-31,,999-98-6963,,,,Myriam433,Pouros728,,,,white,nonhispanic,F,Spencer  Massachusetts  US,561 Donnelly Highlands,Boston,Massachusetts,Suffolk County,25025.0,2126,42.37339261753088,-71.06322417498602,1890.18,11815.92,5015,8.0,7,25,3,5,1.0,,2.0,11.911481910946195,10.511481910946197,9.711481910946196,9.311481910946195,9.911481910946195,8.911481910946197,8.611481910946196,7.311481910946196,False,True
1ada0e45-7c9f-6de8-e9bd-93d80a337d83,2016-04-09,,999-86-1103,,,,Yolanda648,Brown30,,,,white,nonhispanic,F,Littleton  Massachusetts  US,1016 Feeney Skyway Apt 95,Lynn,Massachusetts,Essex County,25009.0,1901,42.45668834993006,-70.97896130411056,16109.68,12725.84,51620,8.0,5,35,3,8,2.0,3.0,2.0,11.278053977272728,10.178053977272729,9.378053977272728,8.978053977272726,9.578053977272727,8.778053977272727,8.478053977272726,7.378053977272727,False,True
daf7ce0d-74fd-894a-d399-60720ed5f60d,2018-09-19,,999-73-6871,,,,Juana825,Pfeffer420,,,,white,nonhispanic,F,Peabody  Massachusetts  US,885 Bogan Tunnel,Milford,Massachusetts,Worcester County,25027.0,1757,42.14469689944369,-71.51726783297585,14063.71,0.0,125231,6.0,6,26,1,7,,1.0,,10.01575,9.21575,8.21575,7.61575,8.515749999999999,7.71575,7.71575,6.71575,False,False
41f17539-91db-09b7-ed3a-129a806d55c9,2015-08-11,,999-85-5471,,,,Gigi364,Wunsch504,,,,white,nonhispanic,F,Boston  Massachusetts  US,574 Larkin Common,Beverly,Massachusetts,Essex County,25009.0,1915,42.525566566521896,-70.8001460811694,16988.77,8756.51,68404,9.0,3,30,5,4,2.0,1.0,3.0,9.7765625,8.876562499999999,8.076562500000001,7.6765625,8.4765625,7.7765625,7.476562500000001,6.4765625,True,False
137aa59d-406f-7cd2-887b-012b04b2a3be,2012-11-10,,999-30-2143,,,,Darell496,Wisozk929,,,,asian,nonhispanic,M,Cantho  Cần Thơ  VN,173 Goodwin Frontage road Suite 77,Rehoboth,Massachusetts,Bristol County,,0,41.81699021107912,-71.21470143610235,38652.6,188172.32,90689,12.0,3,41,3,2,,1.0,2.0,9.13125,8.53125,7.531249999999999,7.031249999999999,7.83125,6.83125,6.83125,5.93125,False,False
5ba59581-2a0a-082c-8451-336532d58c4a,2016-10-14,,999-62-3607,,,,Sam879,Swift555,,,,white,nonhispanic,M,Berkley  Massachusetts  US,520 Lueilwitz Spur,Walpole,Massachusetts,Norfolk County,25021.0,2081,42.10741626255193,-71.29409279596007,18604.98,0.0,59809,8.0,5,28,5,5,,,3.0,11.6453125,10.545312499999998,9.6453125,9.045312499999998,9.8453125,9.045312499999998,8.845312499999999,7.645312499999999,True,True
246b0eb0-bdf1-cc61-4557-1e0c8153b8c5,2014-05-22,,999-40-7156,,,,Mariano761,Anderson154,,,,white,nonhispanic,M,Worcester  Massachusetts  US,270 Davis Lodge Suite 33,Hanson,Massachusetts,Plymouth County,25023.0,2341,42.018583194225016,-70.83922970108863,2761.45,197334.37,17525,10.0,6,60,4,9,1.0,3.0,2.0,9.805,8.805,8.004999999999999,7.604999999999999,8.105,7.405,7.205,6.205,False,False
5dbfa02c-77de-e781-f9c5-cfb07bd79864,2017-02-02,,999-40-7279,,,,Arletta663,Harvey63,,,,white,nonhispanic,F,Worcester  Massachusetts  US,1064 Champlin Rue,New Bedford,Massachusetts,Bristol County,25005.0,2745,41.55004789727371,-70.95577976898622,13711.7,0.0,120344,7.0,3,22,3,2,,,2.0,9.342797619047618,8.742797619047618,7.842797619047618,7.442797619047619,8.042797619047619,7.142797619047618,7.142797619047618,6.242797619047618,False,False
e2cbc5ea-1900-22ae-2cf8-2b9decdb096a,2016-02-16,,999-38-7717,,,,Magaly973,Little434,,,,white,nonhispanic,F,Boston  Massachusetts  US,403 Rolfson Bypass,Attleboro,Massachusetts,Bristol County,44007.0,2861,41.88937758933292,-71.26967574007534,2651.37,17745.89,14023,8.0,7,32,2,6,1.0,3.0,1.0,9.771249999999998,9.07125,8.07125,7.57125,8.471250000000001,7.47125,7.371249999999999,6.47125,False,False
51a9b2de-d556-3219-f25b-9da150f51a23,2017-11-06,,999-28-6756,,,,Dong972,Padberg411,,,,white,nonhispanic,M,Brockton  Massachusetts  US,1068 Boyle Rapid Apt 4,Worcester,Massachusetts,Worcester County,25027.0,1605,42.23526813985642,-71.7517329479813,11434.48,5363.52,59249,7.0,6,26,1,4,1.0,3.0,,10.227619047619047,9.427619047619048,8.427619047619048,7.827619047619047,8.727619047619047,7.927619047619048,7.927619047619048,7.127619047619048,False,True
c7cf00e4-a91c-2631-4458-62ab4a066348,2017-03-11,,999-51-9392,,,,Robert854,Gaylord332,,,,white,nonhispanic,M,Falmouth  Massachusetts  US,320 Klocko Esplanade,Worcester,Massachusetts,Worcester County,25027.0,1607,42.256487226934986,-71.84063144280078,1700.0,13685.48,24468,7.0,5,22,5,2,,,3.0,10.227619047619047,9.427619047619048,8.427619047619048,7.827619047619047,8.727619047619047,7.927619047619048,7.927619047619048,7.127619047619048,True,True
96402720-8b9c-7c46-cb11-a891548571cd,2015-11-10,,999-17-7713,,,,Thurman577,Senger904,,,,white,nonhispanic,M,Beverly  Massachusetts  US,891 Kreiger Village Unit 49,Grafton,Massachusetts,Worcester County,,0,42.257525001664575,-71.67358385272661,17667.42,26263.07,840034,9.0,7,35,5,6,3.0,1.0,3.0,10.445,9.645,8.545000000000002,8.045000000000002,8.945,8.145,8.045000000000002,7.1450000000000005,True,True
f30344aa-c80b-5419-ca51-055451d31fa3,2017-07-16,,999-53-5309,,,,Sanford861,Gaylord332,,,,white,nonhispanic,M,Westfield  Massachusetts  US,230 Doyle Byway Unit 44,Oak Bluffs,Massachusetts,Dukes County,,0,41.44708098705237,-70.59123845394535,12864.05,0.0,66750,7.0,2,23,6,3,,,4.0,9.253571428571428,9.353571428571428,8.553571428571429,8.253571428571428,8.653571428571428,7.953571428571427,7.953571428571427,7.1535714285714285,True,True
48757052-c64e-4eca-6d2e-c7420d5cce5f,2013-10-16,,999-19-3318,,,,Gabriele201,Farrell962,,,,white,nonhispanic,F,Norton  Massachusetts  US,231 Hammes Parade Unit 72,Lexington,Massachusetts,Middlesex County,25017.0,2420,42.47534425915868,-71.17657280899526,19789.7,23782.18,707721,11.0,9,43,5,7,3.0,6.0,3.0,11.413636363636364,10.113636363636363,9.313636363636364,8.813636363636363,9.413636363636364,8.713636363636363,8.313636363636363,7.413636363636363,True,True
4d8febf2-4abb-1d1a-5cf0-2e744ad2fb50,2013-10-11,,999-48-1875,,,,Kristin64,Torp761,,,,white,nonhispanic,F,Lowell  Massachusetts  US,230 Johnston Vista Suite 93,Abington,Massachusetts,Plymouth County,25023.0,2351,42.10047895641896,-70.9415544495878,19590.08,7253.58,60847,11.0,4,34,6,5,2.0,3.0,4.0,10.730194805194804,9.430194805194803,8.730194805194804,8.230194805194804,8.730194805194804,7.930194805194805,7.730194805194804,6.530194805194805,True,False
adac31c8-8969-4128-f58f-097b154ffb18,2018-07-21,,999-21-3296,,,,Carlene772,Dickens475,,,,white,nonhispanic,F,Lawrence  Massachusetts  US,489 Rohan Meadow Apt 42,Salem,Massachusetts,Essex County,25009.0,1970,42.49979050016306,-70.92816576469276,10848.09,16724.01,85965,6.0,4,29,1,7,1.0,2.0,,9.4125,8.4125,7.6125,7.212499999999999,8.0125,7.212499999999999,6.9125000000000005,5.9125000000000005,False,False
948dfbc5-f9ae-46e5-82ae-e4c3c5dcd748,2015-01-14,,999-39-2957,,,,Jacobo456,Carreón894,,,,asian,hispanic,M,Mexico City  Mexico City  MX,841 Medhurst Pathway,Grafton,Massachusetts,Worcester County,,0,42.20109784095461,-71.69065051669772,24685.94,795.41,165692,9.0,3,34,3,6,1.0,3.0,2.0,10.445,9.645,8.545000000000002,8.045000000000002,8.945,8.145,8.045000000000002,7.1450000000000005,False,True
f15044a7-8231-603e-daa3-35705ac8e5de,2017-05-11,,999-90-8474,,,,Jenee387,DuBuque211,,,,white,nonhispanic,F,Lawrence  Massachusetts  US,784 Dickinson Throughway,Needham,Massachusetts,Norfolk County,25021.0,2494,42.27730901390839,-71.27674998642559,12776.5,18239.94,101211,7.0,6,35,3,9,2.0,2.0,2.0,10.713392857142855,9.513392857142858,8.713392857142857,8.213392857142857,8.813392857142858,8.013392857142858,7.713392857142856,6.513392857142857,False,False
9775a079-f8b8-085c-4aac-fbb2c5b7b989,2016-04-22,,999-86-9845,,,,Madeleine482,Bernhard322,,,,white,nonhispanic,F,Worcester  Massachusetts  US,992 Fritsch Trailer Suite 26,Boston,Massachusetts,Suffolk County,25025.0,2132,42.38084409432391,-71.08053531387839,6522.19,21365.43,28222,8.0,3,34,7,6,1.0,1.0,3.0,11.911481910946195,10.511481910946197,9.711481910946196,9.311481910946195,9.911481910946195,8.911481910946197,8.611481910946196,7.311481910946196,True,True
55b66edd-737f-79bd-102f-d4f38ed4fe8d,2015-08-29,,999-21-2791,,,,Joann92,Kemmer137,,,,white,nonhispanic,F,Westfield  Massachusetts  US,412 Bayer Ramp,Bourne,Massachusetts,Barnstable County,25001.0,2532,41.70206734038906,-70.61718004868463,15917.61,11182.37,74124,9.0,6,32,3,6,2.0,1.0,2.0,8.35,7.950000000000001,7.050000000000001,6.75,7.15,6.449999999999999,6.35,5.550000000000001,False,False
08c0ae1d-2541-7fcd-b481-c8172bb70f32,2013-11-16,,999-64-5593,,,,Raul814,Botsford977,,,,white,nonhispanic,M,North Adams  Massachusetts  US,891 Jacobi Way Apt 68,Rowley,Massachusetts,Essex County,25009.0,1969,42.72100899956367,-70.87873030955375,14860.45,7689.84,167393,11.0,10,34,3,8,,2.0,2.0,9.2225,8.4225,7.722499999999999,7.222499999999999,8.122499999999999,7.5225,7.222499999999999,6.2225,False,False
dd448f25-8e70-5d0a-cf00-68744789d564,2018-03-26,,999-82-5481,,,,María Elena653,Alvarado520,,,,black,hispanic,F,San Salvador  El Salvador  SV,259 Schimmel Row Unit 3,Chicopee,Massachusetts,Hampden County,25013.0,1020,42.19031387644955,-72.60097265912353,16774.37,1678.47,73963,6.0,5,29,2,5,1.0,4.0,1.0,10.497727272727271,9.697727272727272,8.397727272727273,7.897727272727272,9.197727272727272,7.997727272727272,7.997727272727272,7.397727272727272,False,True
8c676930-bf73-bde0-4efb-a130c64fda17,2014-06-01,,999-63-9063,,,,Birdie301,Block661,,,,black,nonhispanic,F,Springfield  Massachusetts  US,119 Olson Vista Apt 47,Boston,Massachusetts,Suffolk County,25025.0,2126,42.31877576742138,-71.00851334057492,12162.25,5432.04,345000,10.0,3,30,4,6,,3.0,3.0,11.911481910946195,10.511481910946197,9.711481910946196,9.311481910946195,9.911481910946195,8.911481910946197,8.611481910946196,7.311481910946196,False,True
a8f47b70-4707-d5e3-b3e3-b40c74cfc220,2016-04-05,,999-86-6187,,,,Ariel183,Emmerich580,,,,white,nonhispanic,M,Southborough  Massachusetts  US,149 Weimann Viaduct Apt 9,Framingham,Massachusetts,Middlesex County,25017.0,1702,42.2900829227976,-71.45956374215683,3255.03,18441.83,12983,8.0,6,33,4,5,2.0,3.0,3.0,11.332122564935064,10.332122564935064,9.432122564935066,8.832122564935064,9.632122564935065,8.932122564935066,8.732122564935064,7.832122564935065,False,True
1c70a953-b089-8f56-4a29-a59cd24a49c5,2018-01-03,,999-22-4685,,,,Benito209,Smitham825,,,,black,nonhispanic,M,Middleton  Massachusetts  US,811 Wilkinson Mews,Paxton,Massachusetts,Worcester County,,0,42.35687335245571,-71.95090405490367,4296.41,19870.94,132249,6.0,3,27,1,3,2.0,,,8.5125,7.9125,6.9125000000000005,6.3125,7.0125,6.4125000000000005,6.4125000000000005,5.6125,False,False
e4405e18-2574-cdfc-cf97-32f7302dc1bd,2012-05-13,,999-18-9812,,,,Dong972,Fisher429,,,,white,nonhispanic,M,Natick  Massachusetts  US,753 Kreiger Bridge Unit 13,Attleboro,Massachusetts,Bristol County,44007.0,2861,41.88980048491455,-71.27925375221058,4739.36,227579.02,17580,12.0,4,49,4,5,3.0,2.0,2.0,9.771249999999998,9.07125,8.07125,7.57125,8.471250000000001,7.47125,7.371249999999999,6.47125,False,False
b9a499b6-17b1-01c4-190b-39727bb4b346,2012-06-02,,999-78-8840,,,,Damian46,Hintz995,,,,white,nonhispanic,M,Canton  Massachusetts  US,651 Pfannerstill Estate Suite 14,Randolph,Massachusetts,Norfolk County,25021.0,2368,42.18769690152645,-71.02803120186047,3836.91,71026.51,3174,12.0,7,30,4,5,1.0,1.0,3.0,10.65,9.45,8.65,8.15,8.75,7.85,7.550000000000001,6.25,False,False
46896559-399a-5651-ace8-344617838e83,2013-12-01,,999-34-9841,,,,Lillian593,Roberts511,,,,white,nonhispanic,F,Leicester  Massachusetts  US,809 Kovacek Neck Suite 84,Gloucester,Massachusetts,Essex County,25009.0,1930,42.66316256539422,-70.71246125519617,31385.03,136254.27,75640,10.0,2,46,8,4,,,6.0,9.09625,8.59625,7.89625,7.49625,8.09625,7.596249999999999,7.39625,6.49625,True,False
27ab3380-4e91-2337-ec18-a1ad7c686ecd,2013-02-27,,999-29-6141,,,,Miles206,Bernhard322,,,,white,nonhispanic,M,Westfield  Massachusetts  US,482 Armstrong Orchard,Clinton,Massachusetts,Worcester County,25027.0,1510,42.42733114016211,-71.6601560030338,20850.84,0.0,106212,11.0,4,24,3,5,1.0,,2.0,9.069805194805197,8.269805194805194,7.269805194805194,6.769805194805194,7.469805194805195,6.869805194805194,6.769805194805194,6.169805194805194,False,False
fb8bf02e-4e05-c192-9fb7-76167eb168f7,2016-12-13,,999-27-4950,,,,Kaylene27,Gusikowski974,,,,white,nonhispanic,F,Norwood  Massachusetts  US,364 McDermott Ramp Unit 59,Methuen,Massachusetts,Essex County,25009.0,1841,42.780491586293394,-71.21320020103192,15039.41,254.3,88665,7.0,4,26,5,4,1.0,,4.0,11.707142857142856,10.607142857142858,9.707142857142856,9.207142857142856,10.107142857142858,9.507142857142858,9.107142857142858,8.407142857142857,True,True
5d1c7721-83f5-ffaa-4826-fad7699935ab,2012-11-13,,999-16-5441,,,,Emil691,Rogahn59,,,,black,nonhispanic,M,Ashfield  Massachusetts  US,181 Wiegand Byway Apt 96,Charlton,Massachusetts,Worcester County,,0,42.10179210712024,-71.97662156056252,37338.27,10184.74,88508,12.0,6,34,5,5,2.0,2.0,3.0,9.813636363636364,9.113636363636363,8.013636363636364,7.413636363636363,8.213636363636363,7.513636363636364,7.613636363636363,6.713636363636363,True,False
8e254b54-fc69-270b-9ba1-f93b5771a80c,2017-06-23,,999-90-4310,,,,Kenneth671,Wyman904,,,,white,nonhispanic,M,Marshfield  Massachusetts  US,179 Renner Brook Apt 19,Pittsfield,Massachusetts,Berkshire County,25003.0,1201,42.44435360142199,-73.28352119150622,2876.83,15752.38,6387,7.0,7,34,3,7,2.0,2.0,2.0,8.681818181818182,8.281818181818181,7.381818181818182,6.9818181818181815,7.481818181818181,6.881818181818182,6.881818181818182,6.9818181818181815,False,False
f133dd8f-4483-65ff-17b6-9417f1c17d3d,2018-06-19,,999-59-1845,,,,Vernia453,Kerluke267,,,,white,nonhispanic,F,Princeton  Massachusetts  US,279 Lubowitz Green Suite 79,Harwich,Massachusetts,Barnstable County,,0,41.71420030599349,-70.0856250904187,13286.7,455.55,72378,6.0,5,23,1,4,,2.0,,7.186071428571427,7.186071428571427,6.486071428571428,6.086071428571428,6.386071428571428,5.786071428571428,5.686071428571428,5.086071428571428,False,False
d17ee352-c7b4-f350-95d0-d575ce76e253,2012-12-26,,999-11-7823,,,,Sherika987,Gleason633,,,,black,nonhispanic,F,Boston  Massachusetts  US,536 Larson Union,Lowell,Massachusetts,Middlesex County,25017.0,1851,42.63087130630485,-71.33220703018875,3300.0,26375.91,21884,11.0,3,25,4,4,1.0,3.0,2.0,10.687624950806768,9.587624950806768,8.587624950806768,8.187624950806768,8.887624950806769,8.28762495080677,7.987624950806769,7.387624950806769,False,True
e36a5ee3-1982-d172-7ebd-a705ba150ade,2015-07-27,,999-21-7797,,,,Alyce744,Daniel959,,,,white,hispanic,F,Wayland  Massachusetts  US,720 Pacocha Extension,Marlborough,Massachusetts,Middlesex County,25017.0,1752,42.3965944269153,-71.5645942595533,12815.49,7258.1,86473,9.0,5,27,3,4,1.0,2.0,2.0,10.770652173913044,9.770652173913044,8.870652173913044,8.270652173913044,9.070652173913045,8.470652173913043,8.270652173913044,7.570652173913043,False,True
e81a8f24-0b60-91c4-520a-8f02827147a4,2014-03-03,,999-72-9213,,,,Tesha491,Davis923,,,,white,nonhispanic,F,Wendell  Massachusetts  US,409 Champlin Crossing Apt 87,New Bedford,Massachusetts,Bristol County,25005.0,2740,41.61425184792104,-70.92187577185804,7295.12,28853.24,74068,10.0,5,43,3,8,1.0,5.0,1.0,9.342797619047618,8.742797619047618,7.842797619047618,7.442797619047619,8.042797619047619,7.142797619047618,7.142797619047618,6.242797619047618,False,False
7e81a1da-89ce-6a13-7ea6-6d6b9c4ab8c8,2018-08-18,,999-59-2297,,,,Daniell603,Klocko335,,,,white,nonhispanic,F,Everett  Massachusetts  US,576 Wolff Knoll,Amherst,Massachusetts,Hampshire County,,0,42.38350867022746,-72.50647675738821,12471.76,10023.72,27842,6.0,10,35,4,8,1.0,5.0,3.0,10.740934065934066,9.940934065934066,8.840934065934066,8.340934065934066,9.440934065934066,8.540934065934065,8.440934065934066,8.140934065934065,False,True
cb005b44-1722-e992-c53a-1cd1ac439c67,2013-10-08,,999-85-4963,,,,Kerry175,Steuber698,,,,asian,nonhispanic,M,Amherst Center  Massachusetts  US,700 Swaniawski Drive Apt 14,North Brookfield,Massachusetts,Worcester County,25027.0,1535,42.28314188037436,-72.07306578544022,3100.0,30750.82,2697,11.0,5,31,5,8,2.0,1.0,4.0,9.413636363636364,8.813636363636363,7.813636363636363,7.213636363636363,8.013636363636364,7.413636363636363,7.413636363636363,6.613636363636363,True,False
1b059295-6571-6194-8ade-c7337e234e53,2018-02-18,,999-60-5559,,,,Randall756,Bergnaum523,,,,white,nonhispanic,M,Maynard  Massachusetts  US,198 Nikolaus Tunnel Apt 30,Upton,Massachusetts,Worcester County,25027.0,1568,42.17746853652996,-71.62220272811795,15939.01,0.0,96307,6.0,5,24,1,3,2.0,1.0,,9.923863636363636,9.123863636363636,8.123863636363637,7.523863636363636,8.423863636363636,7.623863636363637,7.623863636363637,6.6238636363636365,False,False
8b5b7355-0384-edbf-a138-a9a2e1f482ee,2016-11-03,,999-53-3296,,,,Lionel365,Barrows492,,,,white,nonhispanic,M,Boston  Massachusetts  US,1067 Adams Lodge Apt 94,Fitchburg,Massachusetts,Worcester County,25027.0,1420,42.58023476880245,-71.84799938971662,1710.0,15808.21,23912,8.0,5,31,2,4,1.0,,1.0,9.968579545454546,9.268579545454545,8.368579545454546,7.868579545454545,8.268579545454545,7.868579545454545,7.768579545454545,7.468579545454546,False,False
8c9ec3bc-0296-7ea7-4e5c-8b2ae6954b27,2017-05-05,,999-25-3658,,,,Kasha638,Jerde200,,,,white,nonhispanic,F,Methuen  Massachusetts  US,1021 Grimes Stravenue,Lowell,Massachusetts,Middlesex County,25017.0,1851,42.65481454280155,-71.32696231042746,10368.2,9500.57,32851,7.0,4,22,1,5,,1.0,,10.687624950806768,9.587624950806768,8.587624950806768,8.187624950806768,8.887624950806769,8.28762495080677,7.987624950806769,7.387624950806769,False,True
e4465e5d-28f5-92fb-98a0-1739575439e2,2017-06-23,,999-14-6396,,,,Freddie621,Herman763,,,,white,nonhispanic,M,Mansfield  Massachusetts  US,164 Jacobson Boulevard,Sandwich,Massachusetts,Barnstable County,25001.0,2563,41.7237403996023,-70.47792548552272,13292.74,30316.84,147759,7.0,6,37,3,6,5.0,3.0,2.0,8.332142857142857,8.032142857142857,7.132142857142856,6.832142857142857,7.232142857142858,6.532142857142857,6.432142857142857,5.732142857142858,False,False
49fcf7ac-94b5-2b6d-c6d4-15963fe838f1,2014-07-25,,999-79-5423,,,,Ossie995,Mosciski958,,,,white,nonhispanic,F,Lexington  Massachusetts  US,467 Gleichner Center Suite 68,Boston,Massachusetts,Suffolk County,25025.0,2124,42.37533664239199,-71.19482887534251,9815.82,63951.19,82746,10.0,4,36,6,5,6.0,1.0,5.0,11.911481910946195,10.511481910946197,9.711481910946196,9.311481910946195,9.911481910946195,8.911481910946197,8.611481910946196,7.311481910946196,True,True
d31b2535-2a2d-51d5-048d-0c0e4bf67242,2012-10-26,,999-80-5632,,,,Tressa150,Miller503,,,,black,nonhispanic,F,Webster  Massachusetts  US,679 Keebler View Suite 95,Wilmington,Massachusetts,Middlesex County,25017.0,1887,42.584728066021576,-71.12089710479098,32238.17,3585.38,152336,12.0,7,39,4,9,2.0,4.0,3.0,10.514772727272728,9.314772727272729,8.414772727272727,8.014772727272728,8.714772727272727,8.014772727272728,7.614772727272727,6.814772727272727,False,False
d40c2e8e-12a6-10b0-7fbb-2ffaad441d03,2013-12-20,,999-52-8634,,,,Georgene966,Emard19,,,,white,nonhispanic,F,Truro  Massachusetts  US,165 Doyle Haven Suite 22,Springfield,Massachusetts,Hampden County,25013.0,1105,42.0155274896532,-72.60900395663147,3180.04,28971.56,15082,10.0,10,35,4,6,1.0,4.0,2.0,10.908357771260995,10.008357771260998,8.708357771260998,8.108357771260998,9.608357771260998,8.308357771260997,8.308357771260997,7.708357771260997,False,True
4e051dcb-1c3c-7d2c-f812-b928c00b044f,2015-03-15,,999-14-1161,,,,Dudley365,Kulas532,,,,white,nonhispanic,M,Peabody  Massachusetts  US,434 Brekke Park Apt 84,Quincy,Massachusetts,Norfolk County,25021.0,2186,42.2374630689221,-71.12899787703275,31307.78,429.89,68365,9.0,5,41,5,8,2.0,4.0,3.0,11.992534090909093,10.69253409090909,9.892534090909091,9.492534090909093,10.09253409090909,9.09253409090909,8.79253409090909,7.492534090909091,True,True
ea2322da-2eef-bc29-eaa8-0f8a91f78b0d,2018-01-01,,999-37-5962,,,,Ethel888,Steuber698,,,,white,nonhispanic,F,Pittsfield  Massachusetts  US,381 Witting Burg Apt 19,Marlborough,Massachusetts,Middlesex County,25017.0,1752,42.38235370151202,-71.57095815887645,21675.68,25349.16,43885,6.0,10,36,4,6,3.0,3.0,2.0,10.770652173913044,9.770652173913044,8.870652173913044,8.270652173913044,9.070652173913045,8.470652173913043,8.270652173913044,7.570652173913043,False,True
09338122-a898-8fe8-11c7-5d7eda7c3e2d,2013-06-04,,999-97-6648,,,,Tracy345,Tremblay80,,,,asian,nonhispanic,M,Quincy  Massachusetts  US,331 Cormier Club Apt 50,Bedford,Massachusetts,Middlesex County,25017.0,1730,42.486122765282616,-71.30633297486344,15142.94,9833.4,702981,11.0,4,38,5,11,1.0,1.0,4.0,11.013636363636364,9.913636363636364,9.013636363636364,8.513636363636364,9.113636363636363,8.513636363636364,8.113636363636363,7.413636363636363,True,True
63a8ffe7-6a55-5267-bd95-b44bac4776c6,2016-12-31,,999-84-7866,,,,Christoper325,Rowe323,,,,white,nonhispanic,M,Newton  Massachusetts  US,327 Kulas Boulevard Unit 13,Medford,Massachusetts,Middlesex County,25017.0,2145,42.46438539203251,-71.14037936954907,9368.38,3045.26,192967,7.0,3,24,3,3,,,2.0,11.195535714285716,9.995535714285715,9.195535714285716,8.795535714285714,9.295535714285714,8.495535714285715,8.095535714285715,6.895535714285714,False,True
518882eb-c514-926f-8d21-40945ddd2441,2016-04-21,,999-12-7918,,,,Dorsey40,Leannon79,,,,white,nonhispanic,M,Boston  Massachusetts  US,554 Smitham Annex,Quincy,Massachusetts,Norfolk County,25021.0,2170,42.25068399351361,-70.97062173734004,8761.43,18766.5,26760,8.0,5,30,5,4,1.0,3.0,4.0,11.992534090909093,10.69253409090909,9.892534090909091,9.492534090909093,10.09253409090909,9.09253409090909,8.79253409090909,7.492534090909091,True,True
857cbecf-89e3-0759-2860-ccb9fedf1adc,2014-09-11,,999-10-4419,,,,Vanesa40,Wiegand701,,,,white,nonhispanic,F,Boston  Massachusetts  US,611 Robel Overpass Suite 51,North Attleborough,Massachusetts,Bristol County,,0,41.959191290299216,-71.30517630101166,6338.58,35792.73,100202,10.0,8,45,6,6,1.0,6.0,4.0,9.946581818181818,9.246581818181818,8.246581818181818,7.746581818181818,8.646581818181819,7.646581818181819,7.546581818181817,6.646581818181818,True,False
e6012a16-d3a8-4cbd-a4a2-f94ae5c48685,2016-05-07,,999-53-5147,,,,Chu728,Corwin846,,,,white,nonhispanic,F,Belmont  Massachusetts  US,559 Greenfelder Manor Apt 45,Holyoke,Massachusetts,Hampden County,25013.0,1040,42.16573345145282,-72.65755279361412,3185.21,28674.85,24016,8.0,7,34,4,5,3.0,2.0,3.0,11.128409090909091,10.32840909090909,9.128409090909091,8.628409090909091,9.92840909090909,8.728409090909091,8.728409090909091,8.228409090909091,False,True
56fd527c-d696-ba1d-6b18-c764fd0dfb50,2018-04-12,,999-54-4883,,,,Ernie189,Larson43,,,,white,nonhispanic,M,Chicopee  Massachusetts  US,314 Daniel Approach,Dartmouth,Massachusetts,Bristol County,,0,41.60970780876005,-70.99712322816336,2415.0,17083.9,11388,6.0,5,33,3,6,,3.0,2.0,9.26,8.76,7.859999999999999,7.46,7.960000000000001,7.16,7.16,6.16,False,False
294e645a-4f69-c5ac-6f5f-62a24369596a,2016-10-16,,999-37-2350,,,,Santo387,Moen819,,,,white,nonhispanic,M,Somerset  Massachusetts  US,233 Rodriguez Crossing Apt 77,Acushnet,Massachusetts,Bristol County,,0,41.70284740373852,-70.89552577489545,15431.51,3977.23,40370,8.0,5,27,2,4,1.0,1.0,1.0,8.431249999999999,7.83125,6.93125,6.53125,7.1312500000000005,6.23125,6.23125,5.33125,False,False
127b98d1-b045-4691-da35-223f4ea70c21,2018-08-30,,999-16-4720,,,,Ciera654,Bednar518,,,,asian,nonhispanic,F,Shanghai  Shanghai Municipality  CN,894 Murray Wall,Sandwich,Massachusetts,Barnstable County,25001.0,2563,41.69303856458226,-70.50793485359866,15974.18,0.0,138367,6.0,6,24,2,6,1.0,,1.0,8.332142857142857,8.032142857142857,7.132142857142856,6.832142857142857,7.232142857142858,6.532142857142857,6.432142857142857,5.732142857142858,False,False
55d52abe-db96-5dfe-9d8d-b0f910f1f5cb,2014-01-09,,999-89-4952,,,,Olivia294,González124,,,,white,hispanic,F,Wesley  Saint Andrew Parish  DM,279 Beer Gate,New Bedford,Massachusetts,Bristol County,25005.0,2740,41.621711301400005,-70.9866358576846,3108.76,25921.81,5602,10.0,6,40,7,7,3.0,,4.0,9.342797619047618,8.742797619047618,7.842797619047618,7.442797619047619,8.042797619047619,7.142797619047618,7.142797619047618,6.242797619047618,True,False
9b62aa45-df0e-4923-99fc-1b469edb75e3,2012-05-17,,999-54-3997,,,,Teofila990,Russel238,,,,hawaiian,nonhispanic,F,Boston  Massachusetts  US,631 Strosin Harbor,Boston,Massachusetts,Suffolk County,25025.0,2116,42.37271808297548,-71.02913060190308,10680.93,53691.86,130911,12.0,10,44,4,8,2.0,5.0,2.0,11.911481910946195,10.511481910946197,9.711481910946196,9.311481910946195,9.911481910946195,8.911481910946197,8.611481910946196,7.311481910946196,False,True
7b25f00e-667d-96ab-32fe-6e2ab965c846,2015-12-12,,999-68-8798,,,,Donita707,Smitham825,,,,white,nonhispanic,F,Boston  Massachusetts  US,634 Hodkiewicz Bypass,Boston,Massachusetts,Suffolk County,25025.0,2108,42.32454590631564,-71.03232743336798,22808.23,7935.73,931266,8.0,4,33,5,7,2.0,1.0,4.0,11.911481910946195,10.511481910946197,9.711481910946196,9.311481910946195,9.911481910946195,8.911481910946197,8.611481910946196,7.311481910946196,True,True
4721cf90-8c18-1c12-c81c-01d8b7159674,2018-05-07,,999-72-8731,,,,Vanda440,Schaden604,,,,white,nonhispanic,F,Belmont  Massachusetts  US,594 Simonis Trace,Brockton,Massachusetts,Plymouth County,25023.0,2301,42.03394523105119,-71.03524515822944,8703.56,4426.22,111850,6.0,4,24,4,2,1.0,,3.0,10.916051136363636,9.616051136363636,8.816051136363635,8.316051136363635,8.916051136363636,8.116051136363636,7.816051136363636,6.716051136363636,False,False
a97cce19-4c20-053c-46a5-4cc8f767ff33,2014-09-08,,999-94-2147,,,,Lucas404,Bradtke547,,,,white,nonhispanic,M,Chicopee  Massachusetts  US,712 Carter Fort Apt 38,Hawley,Massachusetts,Franklin County,,0,42.60220327383991,-72.93207695382456,2600.0,17109.53,21951,10.0,5,27,5,4,,,4.0,8.3875,8.1875,7.387499999999999,6.9875,7.2875,6.887499999999999,6.887499999999999,7.0875,True,False
76a835df-12da-313b-3d44-452f4e073d2b,2017-01-16,,999-87-8608,,,,Irvin970,Schimmel440,,,,white,nonhispanic,M,Greenfield  Massachusetts  US,457 Bailey Parade Unit 88,Dracut,Massachusetts,Middlesex County,,0,42.69140850740549,-71.29517942293757,20133.91,2086.0,415109,7.0,5,33,3,6,2.0,1.0,2.0,10.490097402597405,9.390097402597403,8.490097402597403,7.990097402597402,8.790097402597404,8.190097402597404,7.890097402597402,7.290097402597403,False,True
41843bdd-ba12-6c18-2301-50bf4e4572f5,2014-02-12,,999-22-6807,,,,Luciana251,Greenfelder433,,,,asian,nonhispanic,F,Shanghai  Shanghai Municipality  CN,626 Jones Dale Unit 44,Cambridge,Massachusetts,Middlesex County,25017.0,2139,42.32199804154816,-71.05351748702591,14475.3,4044.18,63566,10.0,3,32,4,5,,1.0,3.0,11.258359375,9.958359375,9.158359375,8.758359375,9.358359375,8.358359375000001,8.058359375,6.758359375,False,True
e1d8753b-e45a-2c68-9510-1c3a1235048f,2013-08-17,,999-42-8634,,,,Wilford267,Adams676,,,,white,hispanic,M,Danvers  Massachusetts  US,747 Rath Alley,Monterey,Massachusetts,Berkshire County,,0,42.22548544147269,-73.22760199019739,4303.31,127651.66,21218,11.0,5,48,5,6,2.0,3.0,4.0,8.713636363636363,8.313636363636363,7.3136363636363635,6.913636363636363,7.3136363636363635,6.713636363636363,6.913636363636363,6.813636363636364,True,False
bc055770-ee81-07f9-082a-1f0409ff389d,2013-01-11,,999-28-7536,,,,Alisha974,Weber641,,,,white,nonhispanic,F,Brookline  Massachusetts  US,773 Erdman Rest Apt 87,Brockton,Massachusetts,Plymouth County,25023.0,2302,42.090433182281465,-71.01439974948585,6200.89,31688.57,86928,11.0,7,31,4,7,1.0,1.0,3.0,10.916051136363636,9.616051136363636,8.816051136363635,8.316051136363635,8.916051136363636,8.116051136363636,7.816051136363636,6.716051136363636,False,False
95479fec-7a98-dbcd-7a90-9200f2d7f779,2013-04-12,,999-50-7008,,,,Mickie472,Considine820,,,,white,nonhispanic,F,Norton  Massachusetts  US,532 Kulas Rest,Falmouth,Massachusetts,Barnstable County,25001.0,2540,41.59829580489349,-70.5551329351069,28031.75,2050.85,195274,11.0,5,39,6,8,2.0,6.0,4.0,8.662662337662338,8.362662337662337,7.562662337662337,7.262662337662338,7.662662337662338,6.8626623376623375,6.8626623376623375,6.062662337662337,True,False
930b1693-b1e8-f130-bbf4-8b03d74fb4fb,2018-08-02,,999-17-6608,,,,Darrick836,Lubowitz58,,,,white,nonhispanic,M,Chicopee  Massachusetts  US,1095 Auer Port Unit 94,Arlington,Massachusetts,Middlesex County,25017.0,2474,42.46995489039243,-71.18896218920251,14107.49,1215.5,193930,6.0,4,21,2,3,,3.0,1.0,10.8015,9.5015,8.7015,8.3015,8.8015,8.0015,7.601500000000001,6.5015,False,False
051bd48d-1e2c-f675-992b-dc14f9fb3350,2016-11-02,,999-93-8534,,,,Nicky270,Wunsch504,,,,white,nonhispanic,M,Springfield  Massachusetts  US,424 Frami Wynd Unit 92,Westford,Massachusetts,Middlesex County,,0,42.56793749227907,-71.43961476816548,11826.05,10198.51,152055,8.0,7,28,1,8,1.0,,,10.027232142857144,9.027232142857144,8.027232142857143,7.527232142857144,8.227232142857142,7.727232142857143,7.427232142857144,6.927232142857143,False,False
a026ebfc-2314-2072-9d2f-30019f1de4ac,2016-03-22,,999-60-5168,,,,Domenica436,Swaniawski813,,,,hawaiian,nonhispanic,F,Wayland  Massachusetts  US,1088 Davis Harbor Apt 61,Tolland,Massachusetts,Hampden County,,0,42.10928752577843,-73.05236818963873,9124.58,37300.45,62023,8.0,6,52,4,12,3.0,5.0,2.0,9.0875,8.6875,7.587499999999999,7.0875,7.6875,7.0875,7.2875,6.9875,False,False
c069dad4-0c54-caeb-f76e-2d4a26e810dd,2014-01-27,,999-68-7375,,,,Galen747,Runte676,,,,white,nonhispanic,M,Ware  Massachusetts  US,187 Morissette Tunnel Suite 2,Dartmouth,Massachusetts,Bristol County,,0,41.6021321702511,-70.980194190466,3006.0,21035.25,13444,10.0,5,39,2,5,,8.0,1.0,9.26,8.76,7.859999999999999,7.46,7.960000000000001,7.16,7.16,6.16,False,False
eb320785-ed82-e460-da56-24d233a965e9,2012-06-21,,999-28-3248,,,,Caryl47,Heller342,,,,white,nonhispanic,F,Concord  Massachusetts  US,388 Rosenbaum Annex,Boston,Massachusetts,Suffolk County,25025.0,2129,42.40525125876475,-71.04252355373794,3792.58,30259.68,2875,12.0,4,28,5,4,2.0,4.0,3.0,11.911481910946195,10.511481910946197,9.711481910946196,9.311481910946195,9.911481910946195,8.911481910946197,8.611481910946196,7.311481910946196,True,True
4140078a-6a86-9abb-d30b-ec905db77cf1,2017-01-20,,999-46-8228,,,,Ron353,Wintheiser220,,,,white,nonhispanic,M,Brockton  Massachusetts  US,797 Mohr Crossing,Brockton,Massachusetts,Plymouth County,25023.0,2301,42.1174930545195,-71.02044820331551,1550.0,27576.73,12531,7.0,1,22,1,3,2.0,,,10.916051136363636,9.616051136363636,8.816051136363635,8.316051136363635,8.916051136363636,8.116051136363636,7.816051136363636,6.716051136363636,False,False
b255275f-7810-c420-b6b1-b651040c2840,2016-08-29,,999-93-9185,,,,Odell776,Stoltenberg489,,,,asian,nonhispanic,M,Halifax  Massachusetts  US,148 Shields Corner Suite 63,Holbrook,Massachusetts,Norfolk County,25021.0,2343,42.14385924737311,-71.0884271574718,21668.89,5730.65,63966,8.0,8,29,2,5,1.0,3.0,1.0,10.03125,8.83125,8.03125,7.531249999999999,8.131250000000001,7.33125,7.031249999999999,5.83125,False,False
cf48ebac-64a7-01c0-7cc3-d8f3c47360aa,2017-02-12,,999-59-9697,,,,Eddy900,Kris249,,,,black,nonhispanic,M,Wayland  Massachusetts  US,898 Armstrong Path Suite 28,Fairhaven,Massachusetts,Bristol County,,0,41.67787769547564,-70.8348341856139,12130.09,52596.27,124083,7.0,7,29,2,4,3.0,2.0,1.0,8.267857142857144,7.867857142857143,6.967857142857143,6.567857142857142,7.067857142857142,6.267857142857142,6.267857142857142,5.367857142857143,False,False
93168a28-8a4f-40b1-4e0a-c14cb0e11e38,2014-06-01,,999-96-5042,,,,Carlota980,Madrigal893,,,,white,hispanic,F,Mexico City  Mexico City  MX,200 O'Keefe Station Apt 33,Ware,Massachusetts,Hampshire County,25015.0,1082,42.27253888909109,-72.2545550876632,4618.25,17108.58,69553,10.0,6,40,3,8,,3.0,1.0,9.0225,8.4225,7.322500000000001,6.7225,7.6225,7.0225,7.0225,6.3225,False,False
b8e7375f-201b-12b6-c863-26c687e92262,2015-06-08,,999-85-4665,,,,Alicia629,Ojeda263,,,,white,hispanic,F,Bayamon  Puerto Rico  PR,686 Hermiston Fort Suite 98,Southbridge,Massachusetts,Worcester County,25027.0,1550,42.03251256729418,-72.03269431998578,15263.58,14491.75,42494,9.0,8,43,6,8,2.0,5.0,4.0,10.625,9.925,8.725000000000001,8.125,8.925,8.225,8.425,7.425,True,True
ebfc4340-5061-7fc3-8f52-a21bf61837bf,2017-02-01,,999-41-3840,,,,Larry532,Eichmann909,,,,black,nonhispanic,M,Needham  Massachusetts  US,648 O'Kon Lodge,Boston,Massachusetts,Suffolk County,25025.0,2125,42.38004975030141,-71.05500773662389,2055.07,16032.92,23803,7.0,8,29,1,7,1.0,1.0,,11.911481910946195,10.511481910946197,9.711481910946196,9.311481910946195,9.911481910946195,8.911481910946197,8.611481910946196,7.311481910946196,False,True
bb0fb7d4-1d98-d141-b272-023df27df565,2017-05-13,,999-59-3096,,,,Tuan998,Weber641,,,,white,nonhispanic,M,Amesbury  Massachusetts  US,122 Nikolaus Drive,Lawrence,Massachusetts,Essex County,25009.0,1840,42.72177024537944,-71.19796839562997,14001.14,4576.06,60777,7.0,4,33,3,11,1.0,2.0,2.0,10.493501082251084,9.393501082251085,8.493501082251083,7.993501082251082,8.893501082251083,8.293501082251083,7.893501082251082,7.093501082251082,False,True
9cbb95bf-839f-43f6-1ecd-df488be2aaef,2017-09-03,,999-72-2020,,,,Dalton260,Bogisich202,,,,white,nonhispanic,M,Somerville  Massachusetts  US,689 Rath Ramp,Lawrence,Massachusetts,Essex County,25009.0,1843,42.647203276119136,-71.11517327531017,1600.0,10962.53,2904,7.0,3,26,5,4,,1.0,2.0,10.493501082251084,9.393501082251085,8.493501082251083,7.993501082251082,8.893501082251083,8.293501082251083,7.893501082251082,7.093501082251082,True,True
53748aec-7332-82f6-e948-366d2fefbb39,2015-07-29,,999-86-4312,,,,Donn979,Cruickshank494,,,,white,nonhispanic,M,New Bedford  Massachusetts  US,922 Grady Crossroad,Arlington,Massachusetts,Middlesex County,25017.0,2474,42.37128772398801,-71.1471150324247,2875.33,43604.94,13263,9.0,7,35,2,8,2.0,1.0,1.0,10.8015,9.5015,8.7015,8.3015,8.8015,8.0015,7.601500000000001,6.5015,False,False
c51f7b1c-4579-468f-a431-4f29e167345c,2015-05-21,,999-79-9863,,,,Henry768,Hayes766,,,,white,nonhispanic,F,Southampton  Massachusetts  US,629 Schmeler Light Apt 80,Bolton,Massachusetts,Worcester County,,0,42.44623633867528,-71.6015537244331,19677.4,103.15,68510,9.0,5,32,4,6,1.0,2.0,2.0,10.300378787878788,9.500378787878788,8.500378787878788,7.900378787878787,8.600378787878789,8.100378787878789,7.900378787878787,7.400378787878787,False,True
4367e292-7d5f-8e45-fc62-fb5ccce2e6c1,2014-09-05,,999-16-3558,,,,Blake449,Rosenbaum794,,,,white,nonhispanic,M,Quincy  Massachusetts  US,912 Abshire Trafficway,Nantucket,Massachusetts,Nantucket County,25019.0,2554,41.26065357103782,-70.11586214972513,3242.58,21041.84,14431,10.0,5,35,3,9,,3.0,2.0,6.350781250000001,6.750781249999999,6.15078125,5.850781250000001,5.95078125,5.45078125,5.350781250000001,4.95078125,False,False
aaf7158c-f8e8-c019-935e-6304666913ca,2015-07-19,,999-70-3401,,,,Francisca486,Ocasio180,,,,white,hispanic,F,Ponce  Puerto Rico  PR,473 Rogahn Byway,Saugus,Massachusetts,Essex County,25009.0,1906,42.5082450805663,-71.03492363226755,2328.25,16774.33,10873,9.0,5,31,5,3,1.0,,3.0,11.86465909090909,10.66465909090909,9.86465909090909,9.46465909090909,10.06465909090909,9.26465909090909,8.96465909090909,7.86465909090909,True,True
083ca3d9-6286-f591-2062-d4b31e00bdaf,2012-10-24,,999-45-6858,,,,Hilary419,Ortiz186,,,,white,hispanic,F,Leominster  Massachusetts  US,1041 Paucek Vista Apt 28,Westminster,Massachusetts,Worcester County,,0,42.51686274985615,-71.86510491269463,4409.14,34230.02,34117,12.0,7,45,11,8,3.0,6.0,8.0,10.069886363636364,9.569886363636364,8.669886363636364,8.169886363636364,8.469886363636364,8.069886363636364,8.069886363636364,7.769886363636363,True,True
d8c898ce-22be-9ecb-fe7b-e0400beb2e77,2016-11-07,,999-94-9702,,,,Randell912,Upton904,,,,white,nonhispanic,M,Wrentham  Massachusetts  US,238 Greenholt Camp Unit 99,Worcester,Massachusetts,Worcester County,25027.0,1603,42.31249304826861,-71.83613126057108,3526.39,19525.04,52712,8.0,7,34,2,6,4.0,1.0,1.0,10.227619047619047,9.427619047619048,8.427619047619048,7.827619047619047,8.727619047619047,7.927619047619048,7.927619047619048,7.127619047619048,False,True
f1b0038d-efca-b6a4-7a44-f0ef4c5e8124,2013-10-24,,999-32-4748,,,,Chuck784,Predovic534,,,,white,nonhispanic,M,Brookline  Massachusetts  US,371 Howell Plaza,Bellingham,Massachusetts,Norfolk County,25021.0,2019,42.065809857630384,-71.51264785402402,15661.0,12789.86,169835,11.0,8,30,6,6,1.0,1.0,4.0,10.63090909090909,9.930909090909092,8.930909090909092,8.330909090909092,9.23090909090909,8.430909090909092,8.330909090909092,7.33090909090909,True,True
d29b3ae1-f2ee-395c-6bcc-1642ae7f7242,2013-04-14,,999-40-7963,,,,Lacy523,Wiegand701,,,,white,nonhispanic,M,Boston  Massachusetts  US,736 Oberbrunner Parade Suite 64,Lowell,Massachusetts,Middlesex County,25017.0,1852,42.64909273701648,-71.3428640987694,12542.64,6367.16,96101,11.0,5,26,5,4,1.0,2.0,3.0,10.687624950806768,9.587624950806768,8.587624950806768,8.187624950806768,8.887624950806769,8.28762495080677,7.987624950806769,7.387624950806769,True,True
e6da8c94-475c-3675-ae2b-01a1f0901635,2012-05-03,,999-72-7453,,,,Lilia791,Armas910,,,,white,hispanic,F,Juarez  Chihuahua  MX,751 Brekke Loaf Suite 38,Westfield,Massachusetts,Hampden County,25013.0,1086,42.10377443562939,-72.73879076197099,16556.58,367.07,140550,12.0,4,22,6,2,2.0,,4.0,10.22734375,9.52734375,8.427343749999999,7.82734375,9.02734375,7.927343749999999,8.02734375,7.52734375,True,True
e8e5e6c2-3e34-3e4f-46db-937d170f38af,2016-12-18,,999-91-4540,,,,Cherryl901,Auer97,,,,white,nonhispanic,F,Falmouth  Massachusetts  US,627 Dietrich Lodge,Waltham,Massachusetts,Middlesex County,25017.0,2451,42.36632599666637,-71.28463068527523,13762.66,0.0,145325,7.0,5,24,3,3,,,2.0,11.314285714285717,10.114285714285714,9.314285714285717,8.814285714285715,9.414285714285716,8.614285714285714,8.314285714285715,7.314285714285714,False,True
50a58124-2181-feb9-681f-a0e0d1fe4a8b,2018-03-07,,999-29-7254,,,,Kittie678,Stehr398,,,,white,nonhispanic,F,Boston  Massachusetts  US,467 Bednar Bypass Suite 5,Mattapoisett,Massachusetts,Plymouth County,,0,41.68763298899947,-70.8504005392183,2709.37,23653.03,21712,6.0,9,40,3,8,1.0,5.0,2.0,8.928068181818182,8.628068181818183,7.728068181818182,7.328068181818182,7.828068181818182,7.028068181818182,7.128068181818182,6.128068181818182,False,False
73b5d650-67ca-c180-cd22-ffda65160696,2013-11-18,,999-84-2336,,,,Caryl47,Hessel84,,,,white,nonhispanic,F,Uxbridge  Massachusetts  US,1027 Lemke Esplanade,Somerset,Massachusetts,Bristol County,25005.0,2725,41.69858030614934,-71.21865045944521,6311.94,14909.74,97072,11.0,4,40,8,5,2.0,3.0,6.0,10.221,9.621,8.721,8.221,8.921,8.021,7.921,7.121,True,True
8b5ecd6f-093b-10c4-2055-3cb508fc841d,2013-08-25,,999-17-2777,,,,Fred155,McCullough561,,,,white,nonhispanic,M,Haverhill  Massachusetts  US,557 Howell Street,Brockton,Massachusetts,Plymouth County,25023.0,2301,42.10060347931813,-70.9618327463647,30848.98,3532.06,47,11.0,9,55,5,17,,10.0,3.0,10.916051136363636,9.616051136363636,8.816051136363635,8.316051136363635,8.916051136363636,8.116051136363636,7.816051136363636,6.716051136363636,True,False
511ccfcf-9226-8cea-5a69-5d296df4278c,2012-03-21,,999-35-5918,,,,Toby274,Hauck852,,,,white,nonhispanic,M,Northfield  Massachusetts  US,508 Gulgowski Wall,Brockton,Massachusetts,Plymouth County,25023.0,2301,42.05311359054756,-71.08147367436463,25504.4,17901.07,64257,12.0,7,34,7,4,2.0,4.0,5.0,10.916051136363636,9.616051136363636,8.816051136363635,8.316051136363635,8.916051136363636,8.116051136363636,7.816051136363636,6.716051136363636,True,False
67f40946-c12b-557e-6869-9693f6b27217,2018-01-09,,999-93-7066,,,,Nickolas58,Powlowski563,,,,white,nonhispanic,M,Needham  Massachusetts  US,382 Botsford Course Unit 21,Scituate,Massachusetts,Plymouth County,25023.0,2066,42.235377817536886,-70.80313851003613,10586.79,7970.3,557618,6.0,8,27,4,4,2.0,,2.0,9.692,8.892000000000001,8.192,7.791999999999999,8.192,7.492,7.391999999999999,6.292,False,False
cd64784f-5f1e-98bd-e5e8-529d562e04cd,2011-12-24,,999-29-7071,,,,Winfred745,Jones311,,,,white,nonhispanic,M,Abington  Massachusetts  US,561 Morar Frontage road,Marblehead,Massachusetts,Essex County,25009.0,1945,42.54434421944284,-70.86793173760172,14914.96,13141.87,30243,12.0,5,29,4,5,1.0,1.0,3.0,10.033333333333331,9.133333333333333,8.433333333333334,8.033333333333333,8.633333333333333,8.033333333333333,7.733333333333334,6.633333333333333,False,False
6ac8059a-6cff-a572-7211-db24ad55d116,2012-08-04,,999-73-6251,,,,Augustine565,Doyle959,,,,white,hispanic,M,Randolph  Massachusetts  US,256 Rau Bypass Suite 88,Worcester,Massachusetts,Worcester County,25027.0,1607,42.262877920345936,-71.79139302148732,17462.26,9866.62,39219,12.0,7,33,5,9,,3.0,3.0,10.227619047619047,9.427619047619048,8.427619047619048,7.827619047619047,8.727619047619047,7.927619047619048,7.927619047619048,7.127619047619048,True,True
510f7dc4-53ec-91e7-47c3-5263165f91fc,2015-12-18,,999-73-2374,,,,Donya787,Schowalter414,,,,white,nonhispanic,F,Weymouth  Massachusetts  US,568 Mitchell Landing Unit 46,Attleboro,Massachusetts,Bristol County,25005.0,2703,41.84681323401622,-71.36244971767515,13193.18,9294.3,84783,8.0,4,29,4,5,1.0,1.0,3.0,9.771249999999998,9.07125,8.07125,7.57125,8.471250000000001,7.47125,7.371249999999999,6.47125,False,False
8a830c2f-7137-9f56-894c-9741f5acf748,2013-11-22,,999-27-6473,,,,Rozella39,Gottlieb798,,,,white,hispanic,F,Brockton  Massachusetts  US,838 Ziemann Byway,Boston,Massachusetts,Suffolk County,25025.0,2152,42.32183224813865,-71.0145094073661,22140.18,3012.77,82518,10.0,6,34,5,6,1.0,3.0,3.0,11.911481910946195,10.511481910946197,9.711481910946196,9.311481910946195,9.911481910946195,8.911481910946197,8.611481910946196,7.311481910946196,True,True
4e358570-dbfb-b0cc-a0a9-c245ec0ef3d8,2013-08-29,,999-83-4685,,,,So684,Von197,,,,white,nonhispanic,F,Somerville  Massachusetts  US,312 Wiza Way,Burlington,Massachusetts,Middlesex County,25017.0,1730,42.462698603882046,-71.19297998482325,25722.8,9640.4,323006,11.0,5,31,6,4,2.0,1.0,4.0,11.561363636363636,10.361363636363636,9.461363636363636,9.061363636363636,9.661363636363635,8.961363636363636,8.661363636363635,7.761363636363636,True,True
77386b17-73a7-edaf-8107-00990ac2fc70,2013-09-15,,999-76-9959,,,,Myles862,Dickinson688,,,,white,nonhispanic,M,Barnstable  Massachusetts  US,308 Skiles Key Unit 51,Agawam,Massachusetts,Hampden County,25013.0,1001,42.03674750046247,-72.66521392253829,5167.35,36434.84,25409,11.0,6,47,7,9,5.0,6.0,5.0,11.367045454545456,10.567045454545454,9.267045454545457,8.667045454545455,10.067045454545454,8.767045454545455,8.767045454545455,8.267045454545455,True,True
be15269c-b502-7afe-9f5f-23d5e477d69f,2018-02-24,,999-77-1940,,,,Alphonse92,Pfannerstill264,,,,white,nonhispanic,M,Lynn  Massachusetts  US,763 Weimann Esplanade,Boston,Massachusetts,Suffolk County,25025.0,2128,42.40041290967963,-71.12973166672336,2510.0,17181.78,4430,6.0,4,29,2,5,1.0,4.0,1.0,11.911481910946195,10.511481910946197,9.711481910946196,9.311481910946195,9.911481910946195,8.911481910946197,8.611481910946196,7.311481910946196,False,True
48f7d1fd-b3e8-887b-42c6-862f62f86cb7,2016-05-10,,999-34-2086,,,,Virginia437,Suárez24,,,,asian,hispanic,F,Santiago de los Caballeros  Santiago  DO,390 Toy Spur,Boston,Massachusetts,Suffolk County,25025.0,2203,42.36745660924374,-71.09199501318929,13601.91,8355.82,175157,8.0,5,32,7,4,1.0,2.0,4.0,11.911481910946195,10.511481910946197,9.711481910946196,9.311481910946195,9.911481910946195,8.911481910946197,8.611481910946196,7.311481910946196,True,True
ed316fa1-053b-6522-98f4-de5b8b398929,2012-01-27,,999-74-4024,,,,Harris789,Okuneva707,,,,white,nonhispanic,M,Methuen  Massachusetts  US,553 Olson Grove Apt 41,Lancaster,Massachusetts,Worcester County,,0,42.49067568615347,-71.65362531338835,28661.15,790.27,119485,12.0,5,39,7,7,1.0,2.0,4.0,11.08589876033058,10.285898760330578,9.285898760330578,8.785898760330578,9.385898760330578,8.885898760330578,8.785898760330578,8.285898760330578,True,True
9ad79ef6-a38d-eec0-14ef-ab987cd94308,2018-01-12,,999-71-4164,,,,Lana840,Maggio310,,,,white,nonhispanic,F,Southbridge  Massachusetts  US,130 Rodriguez Overpass Apt 96,Lowell,Massachusetts,Middlesex County,25017.0,1850,42.61793500568727,-71.30531332171974,11337.43,316.41,42817,6.0,2,19,1,4,,,,10.687624950806768,9.587624950806768,8.587624950806768,8.187624950806768,8.887624950806769,8.28762495080677,7.987624950806769,7.387624950806769,False,True
44e31a04-69a3-0f20-116a-481633bc94f7,2017-11-30,,999-94-6928,,,,Quintin944,Cassin499,,,,white,nonhispanic,M,West Brookfield  Massachusetts  US,115 Hermiston Key Unit 6,Fitchburg,Massachusetts,Worcester County,25027.0,1420,42.55850392523287,-71.84383191634336,20786.53,15303.52,51824,6.0,4,36,5,5,3.0,3.0,2.0,9.968579545454546,9.268579545454545,8.368579545454546,7.868579545454545,8.268579545454545,7.868579545454545,7.768579545454545,7.468579545454546,True,False
96d62a41-66c5-d3c3-eb83-cedfb2152ed1,2018-06-07,,999-10-4178,,,,Leanora120,Ortiz186,,,,white,nonhispanic,F,Amherst  Massachusetts  US,714 Walker Green,Pittsfield,Massachusetts,Berkshire County,25003.0,1201,42.460452996592046,-73.2563127442928,1722.52,28437.63,13991,6.0,4,26,2,3,2.0,,1.0,8.681818181818182,8.281818181818181,7.381818181818182,6.9818181818181815,7.481818181818181,6.881818181818182,6.881818181818182,6.9818181818181815,False,False
bd240c41-5e4e-2236-1f29-f5131d170b3d,2013-06-03,,999-44-7564,,,,Edwin773,Mann644,,,,white,nonhispanic,M,Haverhill  Massachusetts  US,118 Fritsch Boulevard Apt 8,North Andover,Massachusetts,Essex County,,0,42.71916783647708,-71.08069310666876,8158.89,18095.53,36565,11.0,4,38,12,3,1.0,3.0,9.0,11.474733302411874,10.374733302411874,9.474733302411874,9.074733302411872,9.974733302411874,9.274733302411876,8.874733302411874,7.974733302411874,True,True
e9bf0c20-65ff-2d8c-99ae-41023bcac2c4,2013-03-30,,999-18-2561,,,,Tonita173,Dickens475,,,,white,nonhispanic,F,Arlington  Massachusetts  US,664 Willms Crossroad Unit 75,Huntington,Massachusetts,Hampshire County,25015.0,1050,42.28886259232916,-72.90113655874895,14782.13,10513.2,80601,11.0,5,23,3,5,,2.0,2.0,8.218181818181819,7.818181818181818,6.818181818181818,6.318181818181818,6.918181818181818,6.418181818181818,6.418181818181818,6.118181818181818,False,False
a74dd0cd-e5b5-7cfd-8a91-623afc1ddb24,2015-08-23,,999-20-9527,,,,Hassan290,Metz686,,,,white,nonhispanic,M,Seekonk  Massachusetts  US,1054 Schamberger Boulevard Suite 60,Gloucester,Massachusetts,Essex County,25009.0,1930,42.62285399479222,-70.70484430229084,15230.44,22519.97,80658,9.0,6,36,3,5,1.0,3.0,2.0,9.09625,8.59625,7.89625,7.49625,8.09625,7.596249999999999,7.39625,6.49625,False,False
17a1273d-e6f8-2161-9274-a1f4d93fbac9,2014-09-12,,999-83-9906,,,,Luigi346,Hodkiewicz467,,,,white,nonhispanic,M,Boston  Massachusetts  US,407 Keebler Ferry Suite 0,North Attleborough,Massachusetts,Bristol County,,0,41.93529137515121,-71.37638316283852,28546.6,1766.63,80982,10.0,8,41,2,11,2.0,4.0,1.0,9.946581818181818,9.246581818181818,8.246581818181818,7.746581818181818,8.646581818181819,7.646581818181819,7.546581818181817,6.646581818181818,False,False
d21bc8e5-f22e-fb84-8eb1-273944cefbed,2015-04-29,,999-25-1638,,,,Kai187,Gleichner915,,,,white,nonhispanic,F,Yarmouth  Massachusetts  US,279 Nitzsche Loaf Apt 42,Agawam,Massachusetts,Hampden County,25013.0,1030,42.04251565585453,-72.62622200998895,3097.35,17979.07,23305,9.0,6,36,6,8,3.0,2.0,4.0,11.367045454545456,10.567045454545454,9.267045454545457,8.667045454545455,10.067045454545454,8.767045454545455,8.767045454545455,8.267045454545455,True,True
4437a1d4-514b-726c-dc34-084a1e44375e,2013-09-07,,999-29-8532,,,,Breanne585,Feil794,,,,white,nonhispanic,F,Andover  Massachusetts  US,647 O'Connell Extension Apt 76,Sudbury,Massachusetts,Middlesex County,,0,42.42000063083837,-71.42408952544686,8042.33,27760.65,123324,11.0,4,38,4,6,2.0,4.0,3.0,10.36590909090909,9.26590909090909,8.36590909090909,7.86590909090909,8.565909090909091,7.96590909090909,7.765909090909091,6.965909090909091,False,False
29242573-0202-55fd-7bb4-87abea8bf14b,2018-07-06,,999-34-7922,,,,Darby868,Funk324,,,,white,nonhispanic,F,Lynn  Massachusetts  US,942 Larkin Forge Unit 6,New Bedford,Massachusetts,Bristol County,25005.0,2743,41.64497790899943,-70.96147218244847,8270.71,4877.66,89860,6.0,4,21,2,3,1.0,2.0,1.0,9.342797619047618,8.742797619047618,7.842797619047618,7.442797619047619,8.042797619047619,7.142797619047618,7.142797619047618,6.242797619047618,False,False
6283f647-5363-81a8-95a8-302acf0cb340,2016-01-01,,999-32-4978,,,,Luke971,Dooley940,,,,white,nonhispanic,M,Lynn  Massachusetts  US,186 O'Keefe Boulevard,Malden,Massachusetts,Middlesex County,25017.0,2148,42.45301639594605,-71.05880262775312,14284.38,0.0,91216,8.0,4,24,2,5,,,1.0,11.01909090909091,9.819090909090908,9.01909090909091,8.61909090909091,9.11909090909091,8.319090909090908,7.91909090909091,6.819090909090909,False,True
4fa3baec-effb-24a6-6c1b-59ff5e0f4359,2013-01-10,,999-61-8038,,,,Renna830,Sporer811,,,,other,nonhispanic,F,Haverhill  Massachusetts  US,834 Macejkovic Esplanade,Barnstable,Massachusetts,Barnstable County,25001.0,2675,41.63207824476071,-70.3098150716074,28296.63,724.86,517091,11.0,7,33,2,7,1.0,3.0,1.0,8.138352272727273,7.838352272727272,7.0383522727272725,6.738352272727273,7.138352272727272,6.438352272727272,6.338352272727272,5.638352272727272,False,False
316e1ddf-33d5-c8f9-9056-72d99fc76750,2013-01-26,,999-17-5027,,,,Colton403,Maggio310,,,,white,nonhispanic,M,East Longmeadow  Massachusetts  US,710 Runte Hollow Suite 51,Bolton,Massachusetts,Worcester County,,0,42.455757955805176,-71.6147179018291,3382.34,32667.79,25428,11.0,7,40,6,6,4.0,6.0,4.0,10.300378787878788,9.500378787878788,8.500378787878788,7.900378787878787,8.600378787878789,8.100378787878789,7.900378787878787,7.400378787878787,True,True
a5cfccfb-954d-dc82-aada-7d39944748eb,2013-06-24,,999-52-8455,,,,Steve819,Auer97,,,,white,nonhispanic,M,Braintree  Massachusetts  US,976 Feest Pathway,Wayland,Massachusetts,Middlesex County,,0,42.34220332498425,-71.32746691142789,21686.08,2217.85,638815,11.0,5,28,5,3,2.0,1.0,4.0,10.650909090909092,9.55090909090909,8.650909090909092,8.150909090909092,8.850909090909092,8.150909090909092,7.95090909090909,7.050909090909091,True,True
39978782-d0cf-e31d-a9ca-30d73c5c7b85,2014-02-26,,999-24-7335,,,,Alden634,Jakubowski832,,,,white,nonhispanic,M,Yarmouth  Massachusetts  US,620 Keeling Hollow,Merrimac,Massachusetts,Essex County,,0,42.84416948463427,-71.00964030121816,13267.53,7000.09,134987,10.0,4,31,5,4,2.0,1.0,4.0,9.9875,9.1875,8.487499999999999,7.887499999999999,8.987499999999999,8.3875,7.987499999999999,7.0875,True,True
a8b286a5-1674-3809-dd25-098f7e1d9112,2014-07-27,,999-31-2303,,,,Tamika537,Ziemann98,,,,white,nonhispanic,F,Ashland  Massachusetts  US,756 Hermann Tunnel Suite 77,Scituate,Massachusetts,Plymouth County,25023.0,2066,42.210696932039866,-70.71315376653753,14995.01,50710.68,954302,10.0,7,45,2,8,5.0,8.0,1.0,9.692,8.892000000000001,8.192,7.791999999999999,8.192,7.492,7.391999999999999,6.292,False,False
ee55b31c-100a-6ba3-5c47-94f860a29fe6,2013-08-15,,999-13-5642,,,,Johnie961,Mayer370,,,,white,nonhispanic,M,Tewksbury  Massachusetts  US,907 Brakus Rue,Hingham,Massachusetts,Plymouth County,25023.0,2043,42.19825986529169,-70.90354681037435,23544.32,5529.28,40808,11.0,4,28,5,4,1.0,1.0,4.0,10.112412587412589,9.112412587412589,8.412412587412586,8.012412587412587,8.412412587412586,7.612412587412588,7.412412587412587,6.212412587412588,True,False
9393183f-6be6-e3e1-0cb5-df7b5ac158d3,2014-07-14,,999-35-5385,,,,Mazie442,Rath779,,,,black,nonhispanic,F,Lenox  Massachusetts  US,243 McCullough Neck Unit 26,Braintree,Massachusetts,Norfolk County,25021.0,2184,42.2366521211517,-71.01851240644477,12722.05,6524.54,119386,10.0,7,31,4,4,,3.0,3.0,11.013854166666668,9.713854166666668,9.013854166666668,8.513854166666667,9.013854166666668,8.113854166666666,7.813854166666667,6.613854166666666,False,False
4d0f072a-2a90-6aae-61e9-785762388d20,2016-08-30,,999-62-9852,,,,Lindsey52,Moore224,,,,white,nonhispanic,M,Springfield  Massachusetts  US,346 Price Row,Belmont,Massachusetts,Middlesex County,25017.0,2472,42.35867046190255,-71.17044632655576,14734.55,470.75,106343,8.0,5,23,3,2,,,1.0,11.287642045454543,9.987642045454544,9.187642045454544,8.787642045454545,9.287642045454543,8.487642045454544,8.087642045454546,6.987642045454546,False,True
55cca8cf-f479-a9ca-8152-5e54953505a7,2012-09-16,,999-93-7374,,,,Ralph813,Raynor401,,,,white,nonhispanic,M,New Bedford  Massachusetts  US,1083 Mraz Camp Unit 25,Billerica,Massachusetts,Middlesex County,,0,42.5605386323524,-71.26124507700008,2263.0,25136.09,23372,12.0,4,29,6,5,,2.0,5.0,11.271916666666666,10.071916666666668,9.171916666666666,8.671916666666666,9.371916666666666,8.671916666666666,8.371916666666666,7.671916666666667,True,True
f272c7ff-5a32-0b81-6653-ebc293e0c98d,2018-02-21,,999-99-7486,,,,Kara173,Hamill307,,,,white,nonhispanic,F,Brockton  Massachusetts  US,291 Jacobi Lodge,Plymouth,Massachusetts,Plymouth County,25023.0,2360,41.93361478757687,-70.60567101920182,17615.15,3114.61,86668,6.0,4,23,2,2,1.0,,1.0,9.964285714285714,9.364285714285714,8.564285714285713,8.164285714285715,8.664285714285715,7.9642857142857135,7.864285714285714,6.9642857142857135,False,True
f3dea2e8-0ce5-d3c0-2f9d-2aea9ae9241d,2012-12-02,,999-58-6371,,,,Mika226,Wyman904,,,,white,nonhispanic,F,Dracut  Massachusetts  US,298 Lueilwitz Wynd,Somerville,Massachusetts,Middlesex County,25017.0,2145,42.34750175629956,-71.09755964688382,26035.67,3130.81,39921,11.0,5,38,7,7,2.0,6.0,5.0,12.16278409090909,10.862784090909091,10.16278409090909,9.76278409090909,10.26278409090909,9.362784090909091,8.962784090909091,7.762784090909091,True,True
ec13671e-c993-8647-0d96-491ecfe5d227,2012-02-18,,999-85-6290,,,,Enid644,Kozey370,,,,white,nonhispanic,F,Quincy  Massachusetts  US,311 Sipes Pathway Apt 59,Maynard,Massachusetts,Middlesex County,25017.0,1754,42.47510890579534,-71.45104319040671,21991.79,0.0,176124,12.0,7,30,6,5,2.0,1.0,4.0,10.6875,9.6875,8.7875,8.1875,8.8875,8.3875,8.1875,7.4875,True,True
92fa5fb3-a965-803d-f6d9-9dda725cd640,2012-11-17,,999-72-1060,,,,Peter292,Wunsch504,,,,white,nonhispanic,M,Nice  Provence-Alpes-Cote d'Azur  FR,424 Crooks Light,Bellingham,Massachusetts,Norfolk County,25021.0,2019,42.07266494169066,-71.47408699319827,2030.0,20422.63,5734,12.0,2,30,7,4,,2.0,5.0,10.63090909090909,9.930909090909092,8.930909090909092,8.330909090909092,9.23090909090909,8.430909090909092,8.330909090909092,7.33090909090909,True,True
3211438b-b489-0cae-eb51-2dc67efe6952,2012-09-26,,999-24-9769,,,,Jeraldine574,Moore224,,,,white,hispanic,F,Weymouth  Massachusetts  US,168 Rath Green Unit 83,Westfield,Massachusetts,Hampden County,25013.0,1085,42.15202139254717,-72.77040800338472,20881.82,569.36,689499,12.0,5,34,9,7,,3.0,5.0,10.22734375,9.52734375,8.427343749999999,7.82734375,9.02734375,7.927343749999999,8.02734375,7.52734375,True,True
11f89ec8-a49e-f089-7ace-cd8e2519add7,2015-02-09,,999-99-7421,,,,Shalonda324,Emard19,,,,white,nonhispanic,F,North Westport  Massachusetts  US,271 Kiehn Lane,Westford,Massachusetts,Middlesex County,,0,42.58983915369593,-71.44997425229299,20145.44,1514.22,493720,9.0,3,34,5,5,2.0,1.0,3.0,10.027232142857144,9.027232142857144,8.027232142857143,7.527232142857144,8.227232142857142,7.727232142857143,7.427232142857144,6.927232142857143,True,False
b654765d-c7ee-0357-3a76-51f89c732303,2013-04-04,,999-17-2007,,,,Stephania967,Moore224,,,,white,nonhispanic,F,Chicopee  Massachusetts  US,763 Hodkiewicz Landing,Lanesborough,Massachusetts,Berkshire County,,0,42.51481870845103,-73.25557308949256,18457.67,12866.8,47754,11.0,6,27,2,4,1.0,2.0,1.0,7.570454545454545,7.270454545454545,6.2704545454545455,5.870454545454545,6.370454545454545,5.870454545454545,5.870454545454545,5.970454545454546,False,False
86e8929d-243d-fb22-c080-a91fda5c65b3,2015-12-10,,999-86-9426,,,,Carl856,Daniel959,,,,white,nonhispanic,M,Springfield  Massachusetts  US,592 Hauck Club,Milford,Massachusetts,Worcester County,25027.0,1757,42.14940330779135,-71.50783273530189,21288.92,0.0,136888,8.0,6,30,3,5,1.0,3.0,2.0,10.01575,9.21575,8.21575,7.61575,8.515749999999999,7.71575,7.71575,6.71575,False,False
4dee754a-404c-500a-f460-ced0acafdfa5,2015-08-17,,999-20-3553,,,,Rosetta750,Spinka232,,,,white,nonhispanic,F,Danvers  Massachusetts  US,585 Muller Parade,Boston,Massachusetts,Suffolk County,25025.0,2203,42.32515530831696,-71.07157906692169,16857.06,0.0,111248,9.0,2,26,3,3,1.0,,2.0,11.911481910946195,10.511481910946197,9.711481910946196,9.311481910946195,9.911481910946195,8.911481910946197,8.611481910946196,7.311481910946196,False,True
7b7a27bb-eec3-cc97-62dc-ff2457a15798,2013-03-20,,999-50-2663,,,,Johna806,Hammes673,,,,white,nonhispanic,F,Revere  Massachusetts  US,518 Toy Club Apt 65,Lancaster,Massachusetts,Worcester County,,0,42.50131825861383,-71.63944854039494,34972.61,3491.35,132269,11.0,6,41,10,8,3.0,2.0,6.0,11.08589876033058,10.285898760330578,9.285898760330578,8.785898760330578,9.385898760330578,8.885898760330578,8.785898760330578,8.285898760330578,True,True
514b8ebb-84fe-485c-e49a-9cba5386f7bc,2012-04-06,,999-98-1024,,,,Jaime666,Abeyta738,,,,white,hispanic,M,La Paz  Baja California  MX,482 Dach Light,Peabody,Massachusetts,Essex County,25009.0,1940,42.57730161220321,-71.07175307850868,21165.4,301.13,85240,12.0,5,21,4,2,1.0,,3.0,10.45,9.35,8.55,8.05,8.85,8.15,7.75,6.75,False,False
c51e70cc-6d9d-5abb-ec04-67610be170be,2012-02-12,,999-19-2627,,,,Laurence43,Schamberger479,,,,white,nonhispanic,M,Sharon  Massachusetts  US,255 Homenick Flat,North Andover,Massachusetts,Essex County,,0,42.6314329214734,-71.07128640705923,2653.79,33091.66,15792,12.0,6,30,5,3,1.0,4.0,3.0,11.474733302411874,10.374733302411874,9.474733302411874,9.074733302411872,9.974733302411874,9.274733302411876,8.874733302411874,7.974733302411874,True,True
f4aaecc4-b29a-0691-6b48-68c8606c83a5,2015-12-18,,999-46-9009,,,,Courtney281,Luettgen772,,,,black,nonhispanic,M,Franklin  Massachusetts  US,397 Moen Parade,Boston,Massachusetts,Suffolk County,25025.0,2118,42.30680909890963,-71.12124465623594,3150.0,20788.18,10003,8.0,5,36,5,6,3.0,1.0,3.0,11.911481910946195,10.511481910946197,9.711481910946196,9.311481910946195,9.911481910946195,8.911481910946197,8.611481910946196,7.311481910946196,True,True
f113fc2c-09d9-8920-5c90-c7c0a0b0f9bf,2015-03-19,,999-32-6588,,,,Dinah304,Lowe577,,,,asian,nonhispanic,F,Swampscott  Massachusetts  US,922 Hoppe Avenue,Walpole,Massachusetts,Norfolk County,25021.0,2081,42.12233726115481,-71.22737593253257,15609.78,3648.0,57372,9.0,5,37,6,5,1.0,3.0,4.0,11.6453125,10.545312499999998,9.6453125,9.045312499999998,9.8453125,9.045312499999998,8.845312499999999,7.645312499999999,True,True
81a8df76-6e1c-ef53-19d5-b9c76af9ef62,2012-01-16,,999-32-3177,,,,Elton404,Schuster709,,,,white,nonhispanic,M,Amherst Center  Massachusetts  US,289 Torphy Path Unit 7,Concord,Massachusetts,Middlesex County,,0,42.46119916849762,-71.4020260922575,40078.16,14115.56,810458,12.0,7,39,7,5,4.0,2.0,4.0,11.30625,10.20625,9.30625,8.806249999999999,9.40625,8.806249999999999,8.60625,7.90625,True,True
6db8c9f5-1fe5-5de5-7ed7-6a5b49a49883,2013-07-29,,999-41-8702,,,,Myrtice99,Powlowski563,,,,white,nonhispanic,F,Quincy  Massachusetts  US,192 Christiansen Fort,Andover,Massachusetts,Essex County,25009.0,1810,42.61159096658964,-71.14068413958042,12586.46,9381.11,31634,11.0,4,35,10,6,1.0,2.0,8.0,11.725,10.525,9.625,9.225,10.025,9.425,9.025,8.125,True,True
8ef48a42-8617-0fa6-8b5f-f30c1f0ccec2,2018-06-16,,999-71-1439,,,,Francis500,Huels583,,,,white,nonhispanic,M,Mashpee  Massachusetts  US,380 Gleichner Quay Unit 14,Canton,Massachusetts,Norfolk County,,0,42.16354903510712,-71.16037080035944,15211.46,0.0,45796,6.0,8,29,3,7,1.0,1.0,1.0,11.3875,10.0875,9.2875,8.7875,9.3875,8.5875,8.2875,6.9875,False,True
c5928c7b-5ca7-2dd6-dde8-77d5c493f033,2013-07-13,,999-18-3498,,,,Tequila897,Anderson154,,,,asian,nonhispanic,F,Haiphong  Kiến An  VN,896 Gleason Grove,Belmont,Massachusetts,Middlesex County,25017.0,2478,42.36118407571769,-71.22020462261442,15346.59,11085.58,164716,11.0,5,32,4,8,,3.0,3.0,11.287642045454543,9.987642045454544,9.187642045454544,8.787642045454545,9.287642045454543,8.487642045454544,8.087642045454546,6.987642045454546,False,True
5d97a419-8c58-219b-1fff-7a6d56f8c5ef,2015-10-08,,999-36-1279,,,,Mayte822,Morales679,,,,white,hispanic,F,Port-au-Prince  Haiti  HT,768 Shields Ville Unit 50,Topsfield,Massachusetts,Essex County,25009.0,1983,42.61635657167255,-70.97357337136181,23503.73,0.0,114303,9.0,4,25,1,5,2.0,,,8.899999999999999,7.899999999999999,7.2,6.7,7.6,6.999999999999999,6.6000000000000005,5.6,False,False
ba11d393-eda1-abe3-ab69-badef8ad01b4,2014-04-08,,999-60-4867,,,,Dean966,Crooks415,,,,white,nonhispanic,M,Southwick  Massachusetts  US,562 Price Trail Unit 76,Boston,Massachusetts,Suffolk County,25025.0,2116,42.36692059942583,-71.05847883608273,14977.56,12264.05,156298,10.0,5,33,3,6,,5.0,2.0,11.911481910946195,10.511481910946197,9.711481910946196,9.311481910946195,9.911481910946195,8.911481910946197,8.611481910946196,7.311481910946196,False,True
e7aef739-364b-e834-85b2-5d6f7c5eb738,2011-11-27,,999-49-5303,,,,Hayley136,Collins926,,,,white,nonhispanic,F,Newton  Massachusetts  US,214 Stiedemann Annex Suite 70,Billerica,Massachusetts,Middlesex County,,0,42.57942574014539,-71.26935506970904,34833.23,8051.66,120877,12.0,5,43,9,9,2.0,4.0,5.0,11.271916666666666,10.071916666666668,9.171916666666666,8.671916666666666,9.371916666666666,8.671916666666666,8.371916666666666,7.671916666666667,True,True
91fe2112-a227-973f-180d-2b5f74b0c4f4,2017-04-30,,999-74-5848,,,,Della552,Kshlerin58,,,,asian,nonhispanic,F,Sudbury  Massachusetts  US,551 Brekke Wynd Apt 94,Wakefield,Massachusetts,Middlesex County,25017.0,1880,42.50121784357364,-71.11011504180094,17475.48,525.46,860373,7.0,4,23,2,5,,1.0,1.0,10.930142857142856,9.630142857142856,8.830142857142857,8.430142857142856,9.130142857142856,8.330142857142857,7.930142857142856,6.930142857142857,False,True
9fa7c706-7b2d-f838-384d-33c370bb2be3,2015-07-19,,999-21-4401,,,,Trevor374,Stoltenberg489,,,,white,nonhispanic,M,North Scituate  Massachusetts  US,724 Muller Parade,Lawrence,Massachusetts,Essex County,25009.0,1843,42.75653509021521,-71.19049932563242,2940.99,29771.93,5349,9.0,5,37,4,9,1.0,3.0,2.0,10.493501082251084,9.393501082251085,8.493501082251083,7.993501082251082,8.893501082251083,8.293501082251083,7.893501082251082,7.093501082251082,False,True
61b11ebf-b7c1-0bb8-2ded-c5405bd62015,2013-11-01,,999-70-2754,,,,Dyan186,Purdy2,,,,white,nonhispanic,F,Fitchburg  Massachusetts  US,108 Little Path,Hingham,Massachusetts,Plymouth County,25023.0,2043,42.18293009796238,-70.83613175127824,3600.0,22913.97,21894,11.0,6,34,3,7,2.0,2.0,2.0,10.112412587412589,9.112412587412589,8.412412587412586,8.012412587412587,8.412412587412586,7.612412587412588,7.412412587412587,6.212412587412588,False,False
fa25c1b6-a7ca-57db-5fc3-58bd49da090a,2015-03-23,,999-93-1482,,,,Ferdinand55,Rempel203,,,,white,nonhispanic,M,West Concord  Massachusetts  US,818 Will Path,Plymouth,Massachusetts,Plymouth County,25023.0,2360,41.83347199604561,-70.66587949540019,23442.07,10.31,43061,9.0,10,37,7,6,2.0,2.0,5.0,9.964285714285714,9.364285714285714,8.564285714285713,8.164285714285715,8.664285714285715,7.9642857142857135,7.864285714285714,6.9642857142857135,True,True
8a6cbba2-ad5c-4235-a7a3-3995418efe03,2012-01-04,,999-69-8331,,,,Carla633,Mejía318,,,,white,hispanic,F,San Salvador  El Salvador  SV,343 Dickens Rue Unit 82,Longmeadow,Massachusetts,Hampden County,25013.0,1106,42.00547351375073,-72.54880941537533,30047.53,2069.13,180978,12.0,8,34,3,6,1.0,4.0,2.0,9.83125,9.03125,7.73125,7.1312500000000005,8.53125,7.23125,7.23125,6.73125,False,False
386d0dfc-51e7-0cdf-b5a9-33eac20783e4,2014-05-18,,999-80-1895,,,,Solomon675,Hilll811,,,,white,nonhispanic,M,Shutesbury  Massachusetts  US,1084 Cole Ramp Unit 60,Mendon,Massachusetts,Worcester County,,0,42.099984200554125,-71.57319025146218,10970.13,5284.12,70425,10.0,5,26,3,6,,,2.0,9.4225,8.7225,7.722499999999999,7.222499999999999,8.122499999999999,7.222499999999999,7.222499999999999,6.2225,False,False
7cc9fc91-378d-2044-83c9-0bd46bf1fd13,2011-11-29,,999-54-8428,,,,Wilda367,Ryan260,,,,white,nonhispanic,F,Lunenburg  Massachusetts  US,801 Hilll Trail Apt 48,Marlborough,Massachusetts,Middlesex County,25017.0,1752,42.39336293068891,-71.5959656766313,15296.77,7256.53,153549,12.0,4,25,4,2,3.0,,3.0,10.770652173913044,9.770652173913044,8.870652173913044,8.270652173913044,9.070652173913045,8.470652173913043,8.270652173913044,7.570652173913043,False,True
66ec9124-7f3f-ecdf-a52b-6ce2188ec4a5,2014-08-12,,999-20-6258,,,,Louanne686,Douglas31,,,,white,nonhispanic,F,Melrose  Massachusetts  US,1091 Murray Path Apt 99,Wayland,Massachusetts,Middlesex County,,0,42.33220295467805,-71.32558562185335,2830.0,16599.59,24842,10.0,4,34,3,3,1.0,3.0,1.0,10.650909090909092,9.55090909090909,8.650909090909092,8.150909090909092,8.850909090909092,8.150909090909092,7.95090909090909,7.050909090909091,False,True
f15683c0-d684-2a1b-bdfc-66ab64bfced1,2015-08-08,,999-71-2313,,,,Walker122,Spinka232,,,,white,nonhispanic,M,Andover  Massachusetts  US,865 Jacobson Ranch Unit 2,Milton,Massachusetts,Norfolk County,25021.0,2186,42.22017865481829,-71.12969239281313,20583.61,32429.73,990714,9.0,5,36,4,5,1.0,3.0,3.0,10.895454545454545,9.595454545454544,8.795454545454547,8.395454545454545,8.895454545454545,7.995454545454545,7.695454545454544,6.295454545454545,False,False
541055fc-ce8b-bd34-cc72-05e788a5a395,2017-10-03,,999-71-2542,,,,Dinorah501,Brekke496,,,,white,nonhispanic,F,East Longmeadow  Massachusetts  US,441 Daugherty Boulevard,Sharon,Massachusetts,Norfolk County,25021.0,2067,42.1440893159558,-71.19092854951614,10810.2,10097.57,877546,7.0,7,32,3,7,2.0,2.0,2.0,11.38108552631579,10.181085526315789,9.281085526315788,8.781085526315788,9.48108552631579,8.681085526315789,8.38108552631579,7.281085526315789,False,True
9c852aa3-f65a-5860-001c-a13329d2270e,2013-08-26,,999-38-4726,,,,Shane235,Schinner682,,,,asian,nonhispanic,F,Avon  Massachusetts  US,1001 Jacobi Vale Unit 61,Fall River,Massachusetts,Bristol County,25005.0,2721,41.71731244608388,-71.16685701910137,21604.2,560.24,81871,11.0,3,26,1,4,2.0,1.0,,9.097012987012986,8.497012987012987,7.597012987012987,7.097012987012987,7.797012987012986,6.797012987012987,6.797012987012987,5.897012987012987,False,False
9f1b4490-367e-bb9a-1f11-a528afc9fbb8,2013-10-14,,999-85-9925,,,,Cathi439,Lynch190,,,,white,nonhispanic,F,West Springfield  Massachusetts  US,1018 Langosh Terrace,Quincy,Massachusetts,Norfolk County,25021.0,2169,42.237476942607465,-70.97113141080395,5717.42,38472.43,19905,11.0,7,48,5,7,3.0,10.0,3.0,11.992534090909093,10.69253409090909,9.892534090909091,9.492534090909093,10.09253409090909,9.09253409090909,8.79253409090909,7.492534090909091,True,True
5b41d450-b077-41f7-a71a-cd93028c03a8,2012-09-05,,999-24-1131,,,,Merlene950,Jakubowski832,,,,asian,nonhispanic,F,Osaka  Osaka  JP,1035 Wintheiser Bay Apt 83,Cambridge,Massachusetts,Middlesex County,25017.0,2141,42.39234794762002,-71.13266448048992,31018.3,7397.61,56116,12.0,6,39,4,11,3.0,4.0,3.0,11.258359375,9.958359375,9.158359375,8.758359375,9.358359375,8.358359375000001,8.058359375,6.758359375,False,True
fd69d138-da5a-46c4-8da2-afdfb10ff9c9,2015-12-18,,999-88-9283,,,,Walter473,Ledner144,,,,white,nonhispanic,M,Boston  Massachusetts  US,297 Kunze Haven,Springfield,Massachusetts,Hampden County,25013.0,1107,42.05513885502641,-72.59958361161029,1600.0,14398.74,12123,8.0,3,24,4,3,,,2.0,10.908357771260995,10.008357771260998,8.708357771260998,8.108357771260998,9.608357771260998,8.308357771260997,8.308357771260997,7.708357771260997,False,True
7cfb2899-8dc4-ab7c-8dd0-8ac758d555d8,2013-10-06,,999-46-3947,,,,Marcelino726,Bartoletti50,,,,white,nonhispanic,M,Attleboro  Massachusetts  US,851 Rau Dam Apt 88,Hingham,Massachusetts,Plymouth County,25023.0,2043,42.27018635692541,-70.85028349711594,15011.27,7814.39,192177,11.0,3,35,4,7,2.0,3.0,2.0,10.112412587412589,9.112412587412589,8.412412587412586,8.012412587412587,8.412412587412586,7.612412587412588,7.412412587412587,6.212412587412588,False,False
4f218f2b-f4e9-a8a2-c326-3138764b17a7,2013-12-07,,999-27-9670,,,,Saundra460,Gorczany269,,,,white,nonhispanic,F,Taunton  Massachusetts  US,312 Von Crossroad,Milford,Massachusetts,Worcester County,25027.0,1757,42.13000129882168,-71.51731846692684,16066.86,502.88,131003,10.0,3,31,8,3,1.0,,6.0,10.01575,9.21575,8.21575,7.61575,8.515749999999999,7.71575,7.71575,6.71575,True,False
f85132b6-6041-2dc8-13cd-a928d1597da2,2016-11-08,,999-72-4141,,,,Geoffrey157,Feest103,,,,white,nonhispanic,M,Rowley  Massachusetts  US,282 Barton Row,Sharon,Massachusetts,Norfolk County,25021.0,2067,42.08972742721779,-71.15800876040798,18179.57,21460.65,62070,8.0,5,36,9,5,3.0,1.0,6.0,11.38108552631579,10.181085526315789,9.281085526315788,8.781085526315788,9.48108552631579,8.681085526315789,8.38108552631579,7.281085526315789,True,True
a1e2eb44-eef7-0488-9b49-1450a65c8153,2015-01-10,,999-41-1261,,,,Logan497,Green467,,,,white,nonhispanic,M,Somerset  Massachusetts  US,567 Bartell Ville,Somerset,Massachusetts,Bristol County,25005.0,2726,41.77267389855455,-71.20284644964259,13186.38,8597.61,43324,9.0,2,35,6,3,4.0,,4.0,10.221,9.621,8.721,8.221,8.921,8.021,7.921,7.121,True,True
cf675a56-05e2-0a56-21f2-b879fcd25778,2014-12-27,,999-73-3344,,,,Dagny669,Howell947,,,,asian,nonhispanic,F,Rockport  Massachusetts  US,216 Wolff Bridge Suite 48,Woburn,Massachusetts,Middlesex County,25017.0,1801,42.45083581369416,-71.13592343671411,32781.23,7654.91,188685,9.0,7,33,1,4,4.0,2.0,,10.1,8.8,7.999999999999999,7.499999999999999,8.2,7.399999999999999,6.999999999999999,6.1,False,False
76c28d00-7a47-7850-b686-999c915b4ec1,2017-08-22,,999-61-3839,,,,Dorian295,Klocko335,,,,white,nonhispanic,F,West Newbury  Massachusetts  US,835 Von Light,North Andover,Massachusetts,Essex County,,0,42.64128157707018,-71.08769359348386,16813.98,4303.08,134376,7.0,4,27,4,6,,,3.0,11.474733302411874,10.374733302411874,9.474733302411874,9.074733302411872,9.974733302411874,9.274733302411876,8.874733302411874,7.974733302411874,False,True
719f0a65-52f9-c865-5640-90065ce6cbd2,2013-03-20,,999-92-8893,,,,Leland44,Boehm581,,,,white,nonhispanic,M,Whitman  Massachusetts  US,787 Gleason Extension,Medway,Massachusetts,Norfolk County,,0,42.114076489013385,-71.46044657751537,22595.81,3553.19,199676,11.0,4,32,4,5,,4.0,2.0,10.065909090909091,9.165909090909093,8.26590909090909,7.665909090909091,8.565909090909091,7.765909090909091,7.665909090909091,6.665909090909091,False,False
17500242-fd8e-49eb-c619-4e2c5fcc66d7,2015-10-05,,999-45-9751,,,,Maria750,Jast432,,,,black,nonhispanic,M,Charlton  Massachusetts  US,978 Mante Esplanade Apt 53,Boston,Massachusetts,Suffolk County,25025.0,2130,42.37510420831918,-71.09519287405317,2092.58,13465.75,5604,9.0,4,27,5,3,,,3.0,11.911481910946195,10.511481910946197,9.711481910946196,9.311481910946195,9.911481910946195,8.911481910946197,8.611481910946196,7.311481910946196,True,True
8cc8ef2b-99ff-f0bd-b161-d5b4f0f8b982,2017-04-16,,999-69-5082,,,,Patrick786,Keeling57,,,,white,nonhispanic,M,Medfield  Massachusetts  US,1081 Ernser Trailer Apt 76,Boston,Massachusetts,Suffolk County,25025.0,2135,42.38975837720009,-71.09749860985903,14934.05,115.34,503116,7.0,4,21,2,4,,1.0,1.0,11.911481910946195,10.511481910946197,9.711481910946196,9.311481910946195,9.911481910946195,8.911481910946197,8.611481910946196,7.311481910946196,False,True
37ce66a7-2f47-24a0-c8e3-309b9cdf790b,2016-06-06,,999-77-2126,,,,Tatum703,Champlin946,,,,white,nonhispanic,F,Lawrence  Massachusetts  US,699 Rowe Bridge Suite 87,Middleborough,Massachusetts,Plymouth County,,0,41.88411618136888,-70.83498104511742,21455.58,3720.44,106862,8.0,6,31,3,6,2.0,2.0,2.0,9.165401785714286,8.265401785714285,7.365401785714286,6.965401785714286,7.565401785714285,6.765401785714286,6.565401785714286,5.665401785714286,False,False
e9d5d017-c7d0-7ef8-a2bc-282cbbdf1356,2013-02-05,,999-73-7153,,,,Lucrecia714,Ritchie586,,,,white,nonhispanic,F,Revere  Massachusetts  US,838 Bins Haven Unit 71,Mattapoisett,Massachusetts,Plymouth County,,0,41.704419329764754,-70.78856963705705,30040.65,6637.27,156404,11.0,3,38,7,8,2.0,1.0,5.0,8.928068181818182,8.628068181818183,7.728068181818182,7.328068181818182,7.828068181818182,7.028068181818182,7.128068181818182,6.128068181818182,True,False
1ea6b87e-c4aa-9037-9308-e9688cb7a279,2012-03-08,,999-41-2450,,,,Evonne919,Herzog843,,,,white,nonhispanic,F,Kraków  Lesser Poland  PL,520 Nitzsche Park,Easton,Massachusetts,Bristol County,,0,42.01708105935855,-71.15707639575494,19996.62,15381.03,501045,12.0,6,37,6,9,2.0,5.0,4.0,10.8875,9.6875,8.7875,8.2875,8.987499999999999,8.1875,7.987499999999999,6.887499999999999,True,True
95b31cb8-4b71-40cb-e617-da45c6591945,2017-05-30,,999-28-3227,,,,Nicole384,Schmitt836,,,,white,nonhispanic,F,West Concord  Massachusetts  US,720 Strosin Green Suite 65,Fall River,Massachusetts,Bristol County,25005.0,2790,41.566047621917,-71.03641949519123,15870.93,393.87,57153,7.0,7,25,3,3,1.0,1.0,2.0,9.097012987012986,8.497012987012987,7.597012987012987,7.097012987012987,7.797012987012986,6.797012987012987,6.797012987012987,5.897012987012987,False,False
af91dccd-89f9-59d9-97f6-07c101599725,2018-02-12,,999-22-9990,,,,Elias404,Ferry570,,,,white,nonhispanic,M,Northborough  Massachusetts  US,777 Terry Walk Apt 99,Leominster,Massachusetts,Worcester County,25027.0,1420,42.48940660335433,-71.72288369826171,2750.0,14146.65,17330,6.0,4,28,2,6,,4.0,1.0,9.25,8.55,7.65,7.050000000000001,7.550000000000001,7.15,7.050000000000001,6.65,False,False
a35099c7-3bd5-919c-ed31-ca60b4f04c1b,2018-05-19,,999-11-9748,,,,Treasa448,Treutel973,,,,white,nonhispanic,F,Weston  Massachusetts  US,819 Wolff Crossroad,Freetown,Massachusetts,Bristol County,,0,41.8272986274576,-71.0019661855821,10718.31,8493.14,143941,6.0,4,22,1,4,1.0,1.0,,8.5125,7.812500000000001,6.9125000000000005,6.5125,7.1125,6.2125,6.1125,5.2125,False,False
ae09cae3-f2e0-0491-4e3a-76150721b0ab,2015-06-14,,999-79-6776,,,,Kurtis994,Lynch190,,,,white,nonhispanic,M,Grafton  Massachusetts  US,412 Veum Forge,Lowell,Massachusetts,Middlesex County,25017.0,1851,42.70521573173621,-71.29092831883361,29953.88,0.0,100274,9.0,7,39,4,8,1.0,3.0,3.0,10.687624950806768,9.587624950806768,8.587624950806768,8.187624950806768,8.887624950806769,8.28762495080677,7.987624950806769,7.387624950806769,False,True
f8719fa0-5964-5b4c-4a1d-8b9422859214,2015-12-11,,999-84-2324,,,,Cole117,Walsh511,,,,white,nonhispanic,M,Agawam  Massachusetts  US,529 Herman Forge Apt 97,Plympton,Massachusetts,Plymouth County,,0,41.96315335021977,-70.85266291622405,26510.56,6502.91,101882,8.0,5,38,7,4,3.0,3.0,5.0,11.221875,10.421875,9.621875,9.121875,9.721875,8.921875,8.821874999999999,7.821874999999999,True,True
407f0039-dd3a-d5b0-28a5-c4c056d41f8c,2017-01-07,,999-22-2669,,,,Jonathon205,Brekke496,,,,white,nonhispanic,M,Milford  Massachusetts  US,694 Konopelski Vale,Westborough,Massachusetts,Worcester County,25027.0,1581,42.287324392527,-71.64174192413081,19222.9,0.0,86718,7.0,4,31,4,5,2.0,1.0,3.0,10.926285714285717,10.026285714285716,9.026285714285716,8.426285714285715,9.326285714285714,8.626285714285714,8.526285714285715,7.726285714285714,False,True
539b02b6-7a8e-4308-c2d6-6c7b7ab56811,2018-02-14,,999-87-8258,,,,Neida631,Weissnat378,,,,white,nonhispanic,F,Grafton  Massachusetts  US,953 Hackett Junction,Medford,Massachusetts,Middlesex County,25017.0,2145,42.35719381613183,-71.09234688643994,17470.24,8472.03,349197,6.0,5,33,1,7,1.0,4.0,,11.195535714285716,9.995535714285715,9.195535714285716,8.795535714285714,9.295535714285714,8.495535714285715,8.095535714285715,6.895535714285714,False,True
f6a9860d-4c2e-27d9-5317-5d0edb3dba00,2016-04-01,,999-26-5755,,,,Nenita289,Turcotte120,,,,white,hispanic,F,Boston  Massachusetts  US,550 Hirthe Course Suite 69,Great Barrington,Massachusetts,Berkshire County,25003.0,1230,42.239411607864135,-73.32794487600873,2458.71,32428.09,18639,8.0,2,30,2,4,2.0,1.0,1.0,8.131250000000001,7.63125,6.53125,6.13125,6.63125,6.03125,6.13125,6.23125,False,False
87cd702f-0fc0-a97e-6e49-cc8fef3967ec,2016-07-29,2021-05-20,999-15-2246,,,,Clair921,Larkin917,,,,white,nonhispanic,M,Boston  Massachusetts  US,179 Baumbach Estate,Middleton,Massachusetts,Essex County,,0,42.565981339252986,-71.02948150997626,45851.93,339665.11,129494,8.0,4,421,1,3,10.0,31.0,,9.860227272727272,8.760227272727272,7.960227272727272,7.460227272727272,8.360227272727272,7.6602272727272736,7.260227272727273,6.260227272727273,False,False
8101e6d1-dd6d-1508-3455-1904fa1ae90a,2016-01-04,,999-99-5969,,,,Samuel331,Bechtelar572,,,,white,hispanic,F,Barnstable  Massachusetts  US,1054 Ratke Club Unit 7,Salisbury,Massachusetts,Essex County,25009.0,1952,42.81502128951501,-70.87105693475455,13017.15,12793.31,180772,8.0,3,34,6,4,3.0,,5.0,10.52421875,10.02421875,9.32421875,8.82421875,9.62421875,9.02421875,8.724218749999999,7.82421875,True,True
0f6a7d99-f5a6-7767-f57b-0371a22332f9,2012-11-24,,999-29-2463,,,,Alda400,Kertzmann286,,,,white,hispanic,F,Dartmouth  Massachusetts  US,830 Nader Passage,Springfield,Massachusetts,Hampden County,25013.0,1106,42.16014911133208,-72.6400639075954,2850.0,17060.97,1475,11.0,3,24,6,3,1.0,,5.0,10.908357771260995,10.008357771260998,8.708357771260998,8.108357771260998,9.608357771260998,8.308357771260997,8.308357771260997,7.708357771260997,True,True
a5dd4362-a0dd-417d-25b4-bd2dae9b6dfd,2018-10-22,,999-69-5496,,,,Clemente531,Schmeler639,,,,white,nonhispanic,M,Northampton  Massachusetts  US,766 Zieme Passage Suite 16,Arlington,Massachusetts,Middlesex County,25017.0,2476,42.39294132987348,-71.11349428903671,9795.51,4189.99,182457,6.0,5,24,2,4,1.0,2.0,1.0,10.8015,9.5015,8.7015,8.3015,8.8015,8.0015,7.601500000000001,6.5015,False,False
21511d4d-e755-21c0-4812-a70b8c5fd6d0,2017-10-28,,999-94-3170,,,,Adrian111,Hoppe518,,,,white,nonhispanic,M,Boston  Massachusetts  US,1039 Schaden Hollow,Brockton,Massachusetts,Plymouth County,25023.0,2351,42.13168364991617,-70.97290753262544,21464.94,4256.57,136433,7.0,4,29,2,8,,2.0,1.0,10.916051136363636,9.616051136363636,8.816051136363635,8.316051136363635,8.916051136363636,8.116051136363636,7.816051136363636,6.716051136363636,False,False
5fdd8a34-7797-aca9-c8fe-e0196708ef49,2018-08-24,,999-78-7961,,,,Antonette454,Dicki44,,,,hawaiian,nonhispanic,F,Revere  Massachusetts  US,305 Dooley Skyway,Hudson,Massachusetts,Middlesex County,25017.0,1749,42.37256707277533,-71.53939080033764,12810.0,2232.99,57683,6.0,4,23,2,4,,,1.0,9.95,9.05,8.05,7.550000000000001,8.25,7.65,7.450000000000001,6.85,False,False
c62752c7-678b-7ae3-d9f4-e8da1892fc3c,2012-12-19,,999-89-1686,,,,Brittney657,Kling921,,,,asian,nonhispanic,F,Haverhill  Massachusetts  US,814 Murazik Rest,Northborough,Massachusetts,Worcester County,25027.0,1532,42.33848058779812,-71.64111201638367,16031.79,7751.87,120037,11.0,5,29,9,4,1.0,,7.0,11.72627840909091,10.82627840909091,9.82627840909091,9.32627840909091,10.126278409090908,9.426278409090909,9.32627840909091,8.626278409090908,True,True
4c64aae5-7f9a-61e7-cf3d-d3e68fc31dba,2016-05-07,,999-94-5632,,,,Damion480,Gutkowski940,,,,white,nonhispanic,M,Boston  Massachusetts  US,769 Leannon Station,Adams,Massachusetts,Berkshire County,25003.0,1220,42.58334309816294,-73.12255886217812,13443.01,6224.37,29618,8.0,5,36,7,7,1.0,3.0,4.0,10.021875,9.821875,8.921875,8.421875,8.821874999999999,8.321874999999999,8.321874999999999,8.621875,True,True
67a4f4a9-76a4-1497-0f47-170c4c0fc618,2013-06-18,,999-39-6078,,,,Francoise850,Reichert620,,,,white,nonhispanic,F,Concord  Massachusetts  US,905 Aufderhar Run,Holden,Massachusetts,Worcester County,,0,42.38153734476238,-71.90326005821375,19332.01,0.0,83535,11.0,2,24,5,3,,1.0,3.0,9.913636363636364,9.113636363636363,8.213636363636363,7.613636363636363,8.313636363636363,7.713636363636363,7.613636363636363,6.913636363636363,True,False
eb593325-0f21-3c18-0e42-9d4ae5bc5fa8,2018-06-29,,999-78-7457,,,,Fletcher87,Thompson596,,,,white,nonhispanic,M,New Bedford  Massachusetts  US,265 Mertz Terrace,Foxborough,Massachusetts,Norfolk County,25021.0,2035,42.10058622553774,-71.28621445402922,3000.0,14368.86,14526,6.0,3,32,5,6,,4.0,2.0,12.0625,11.0625,10.0625,9.5625,10.3625,9.5625,9.3625,8.2625,True,True
4b2296ae-8974-5b81-930e-41e0013a8e16,2016-03-07,2023-04-17,999-79-4616,,,,Ray930,Altenwerth646,,,,white,nonhispanic,M,Charlton  Massachusetts  US,718 Crooks Gateway Unit 27,Marblehead,Massachusetts,Essex County,25009.0,1945,42.512151159634,-70.84259459502717,9665.03,25079.6,75957,8.0,4,32,4,5,2.0,1.0,2.0,10.033333333333331,9.133333333333333,8.433333333333334,8.033333333333333,8.633333333333333,8.033333333333333,7.733333333333334,6.633333333333333,False,False
529f18d0-f6f1-30a6-b9b9-46282b80e0eb,2012-09-25,,999-52-4857,,,,Torrie697,Ferry570,,,,white,nonhispanic,F,Fall River  Massachusetts  US,867 Armstrong Green Suite 23,Plainville,Massachusetts,Norfolk County,,0,41.98092579674277,-71.36405020842263,14654.04,12448.63,159176,12.0,4,37,7,7,,5.0,5.0,10.70625,9.90625,8.90625,8.40625,9.30625,8.40625,8.306249999999999,7.30625,True,True
485f66e8-8e3f-578b-3cca-8312b15cf5fa,2017-09-25,,999-85-9827,,,,Donita707,Goodwin327,,,,white,hispanic,F,Canton  Massachusetts  US,481 White Mission,Boston,Massachusetts,Suffolk County,25025.0,2210,42.34185732097339,-71.02649089115745,1599.58,24330.19,31107,7.0,5,29,2,5,1.0,2.0,1.0,11.911481910946195,10.511481910946197,9.711481910946196,9.311481910946195,9.911481910946195,8.911481910946197,8.611481910946196,7.311481910946196,False,True
ef3bf225-ba11-0d45-8b09-f08b160e64cd,2016-05-18,,999-94-3145,,,,Kasey569,Schiller186,,,,white,nonhispanic,M,Chelmsford  Massachusetts  US,202 Jaskolski Junction,Gardner,Massachusetts,Worcester County,25027.0,1440,42.54474944750685,-71.98682205982463,22294.68,1726.76,85212,8.0,4,28,4,4,2.0,,3.0,8.9484375,8.5484375,7.6484375,7.0484375,7.448437500000001,7.0484375,7.0484375,6.7484375,False,False
f1466cdf-7c54-a227-5091-7beebbb0ad88,2015-10-02,,999-68-9982,,,,Irving123,Homenick806,,,,white,nonhispanic,M,Swampscott  Massachusetts  US,661 Mitchell Grove,Brookline,Massachusetts,Norfolk County,25017.0,2467,42.30910757914863,-71.12959798053414,8856.97,37936.07,157480,9.0,7,62,5,4,1.0,2.0,3.0,12.1,10.8,10.1,9.6,10.2,9.3,8.9,7.6,True,True
6dddb63c-0f57-59c0-5857-5e218f4070df,2017-01-04,,999-85-1019,,,,Otis335,Harris789,,,,white,nonhispanic,M,Revere  Massachusetts  US,759 Pacocha Grove Unit 59,Framingham,Massachusetts,Middlesex County,25017.0,1702,42.28761101109416,-71.43728559215248,21843.7,1608.13,110083,7.0,4,25,4,2,,1.0,3.0,11.332122564935064,10.332122564935064,9.432122564935066,8.832122564935064,9.632122564935065,8.932122564935066,8.732122564935064,7.832122564935065,False,True
1036f933-c75a-81e1-8114-e448ab70383e,2016-11-16,2023-12-24,999-76-2288,,,,Lola232,Suárez24,,,,white,hispanic,F,Salisbury  Saint Joseph Parish  DM,1056 Raynor Terrace Apt 56,Chelsea,Massachusetts,Suffolk County,25017.0,2149,42.45257385145312,-70.98760593706302,19472.23,7474.3,45579,8.0,3,29,2,3,3.0,,1.0,10.867857142857144,9.667857142857144,8.867857142857144,8.467857142857143,8.967857142857143,8.167857142857143,7.767857142857143,6.467857142857143,False,False
750b3b79-d217-99f2-2e69-e7e78a96a448,2018-09-22,,999-56-9895,,,,Coleman27,Crooks415,,,,white,nonhispanic,M,Fitchburg  Massachusetts  US,599 Kertzmann Divide,Westminster,Massachusetts,Worcester County,,0,42.600797654847774,-71.93444947297857,8458.26,38481.75,198175,6.0,4,27,2,4,2.0,,1.0,10.069886363636364,9.569886363636364,8.669886363636364,8.169886363636364,8.469886363636364,8.069886363636364,8.069886363636364,7.769886363636363,False,True
c7af6b71-7e2b-f5cc-f40f-ab9c4a6fb176,2013-09-01,,999-38-8092,,,,Terrence276,Nicolas769,,,,white,nonhispanic,M,Longmeadow  Massachusetts  US,224 Cartwright Bridge Suite 3,Barnstable,Massachusetts,Barnstable County,25001.0,2637,41.69782645933671,-70.28190229117094,20827.32,2833.26,61508,11.0,5,34,7,5,1.0,2.0,6.0,8.138352272727273,7.838352272727272,7.0383522727272725,6.738352272727273,7.138352272727272,6.438352272727272,6.338352272727272,5.638352272727272,True,False
cf2bdb48-e7c3-56b7-1f2f-e83f70775199,2016-08-21,,999-15-8043,,,,Rodrigo242,Trujillo801,,,,white,hispanic,M,Caracas  Capital District  VE,120 Grady Lane Apt 1,Malden,Massachusetts,Middlesex County,25017.0,2155,42.4359409371819,-71.08686240946155,21009.97,0.0,83623,8.0,4,31,2,8,1.0,1.0,1.0,11.01909090909091,9.819090909090908,9.01909090909091,8.61909090909091,9.11909090909091,8.319090909090908,7.91909090909091,6.819090909090909,False,True
51b291bd-7180-69f5-8d40-b6a422d0c974,2014-07-25,,999-71-4950,,,,Solomon675,Dickinson688,,,,black,nonhispanic,M,Dennis  Massachusetts  US,223 VonRueden Byway Apt 25,Ludlow,Massachusetts,Hampden County,,0,42.160400610824766,-72.41640713887146,15907.98,44206.56,28915,10.0,4,33,2,5,1.0,2.0,1.0,9.964571428571428,9.164571428571428,7.964571428571429,7.364571428571428,8.664571428571428,7.564571428571429,7.564571428571429,6.964571428571428,False,False
07b6a351-ece3-2150-4f24-2a9fe97f5171,2015-09-01,,999-41-9568,,,,Toney527,Armstrong51,,,,white,nonhispanic,M,Oak Bluffs  Massachusetts  US,224 Reilly Arcade Apt 48,Braintree,Massachusetts,Norfolk County,25021.0,2184,42.16229184377425,-70.99230173677948,17361.0,11107.63,64182,9.0,4,28,4,4,1.0,1.0,2.0,11.013854166666668,9.713854166666668,9.013854166666668,8.513854166666667,9.013854166666668,8.113854166666666,7.813854166666667,6.613854166666666,False,False
70d740f1-4225-2a7f-a6d2-68e0eeb79870,2013-04-15,,999-10-7106,,,,Minh326,Kozey370,,,,white,nonhispanic,F,Worcester  Massachusetts  US,665 Prohaska Run Suite 91,Saugus,Massachusetts,Essex County,25009.0,1906,42.486161208060736,-71.05022707698733,14156.93,5814.24,95021,11.0,5,27,4,4,,2.0,3.0,11.86465909090909,10.66465909090909,9.86465909090909,9.46465909090909,10.06465909090909,9.26465909090909,8.96465909090909,7.86465909090909,False,True
15af76b1-d21b-c5c8-c220-d471348e5bd4,2015-06-21,,999-92-1140,,,,Randal152,Anderson154,,,,white,nonhispanic,M,Newton  Massachusetts  US,418 Glover Lane Unit 52,Upton,Massachusetts,Worcester County,25027.0,1568,42.22316704161637,-71.5650409880081,30351.15,6273.45,197349,9.0,6,32,5,4,2.0,1.0,3.0,9.923863636363636,9.123863636363636,8.123863636363637,7.523863636363636,8.423863636363636,7.623863636363637,7.623863636363637,6.6238636363636365,True,False
6d7962e8-9b7f-285c-e247-827bc83863a5,2018-10-16,,999-46-1132,,,,Doretta917,Osinski784,,,,white,nonhispanic,F,Westwood  Massachusetts  US,559 Nicolas Burg Unit 15,Barre,Massachusetts,Worcester County,25027.0,1005,42.38588649029288,-72.11652926870714,938.0,28115.24,26156,6.0,7,30,3,3,2.0,3.0,1.0,9.2875,8.7875,7.887499999999999,7.2875,7.887499999999999,7.387499999999999,7.387499999999999,6.887499999999999,False,False
644a9f8f-3c45-ec50-6d68-903c191de7d5,2013-05-14,,999-13-8712,,,,Alonzo487,Walsh511,,,,white,nonhispanic,M,Saugus  Massachusetts  US,838 Bogisich Tunnel Unit 23,Somerville,Massachusetts,Middlesex County,25017.0,2144,42.35593489795976,-71.14893442890465,4358.6,28574.25,12688,11.0,4,40,6,8,2.0,4.0,5.0,12.16278409090909,10.862784090909091,10.16278409090909,9.76278409090909,10.26278409090909,9.362784090909091,8.962784090909091,7.762784090909091,True,True
8aea64d2-9c3c-a5b9-c66d-f51fe6a1e112,2013-11-07,,999-85-9165,,,,Katheryn92,Lakin515,,,,black,nonhispanic,F,Framingham  Massachusetts  US,823 Haley Underpass Apt 11,Boston,Massachusetts,Suffolk County,25025.0,2110,42.307703671401136,-71.15882009141441,3292.58,23234.86,8883,11.0,5,30,7,4,2.0,1.0,6.0,11.911481910946195,10.511481910946197,9.711481910946196,9.311481910946195,9.911481910946195,8.911481910946197,8.611481910946196,7.311481910946196,True,True
2e948ce2-c55c-cf52-2843-ef76f8daf59c,2013-12-12,,999-67-6741,,,,Mazie442,Macejkovic424,,,,white,nonhispanic,F,Springfield  Massachusetts  US,708 Bergnaum Approach Unit 7,Harwich,Massachusetts,Barnstable County,,0,41.696040194416206,-70.09812942313215,2842.58,15135.55,14083,10.0,2,26,6,2,,2.0,4.0,7.186071428571427,7.186071428571427,6.486071428571428,6.086071428571428,6.386071428571428,5.786071428571428,5.686071428571428,5.086071428571428,True,False
bba90428-2b5b-adba-2403-8778bca4a730,2014-11-22,,999-50-7370,,,,Candida654,Rice937,,,,white,nonhispanic,F,Shrewsbury  Massachusetts  US,500 Funk Heights,Kingston,Massachusetts,Plymouth County,25023.0,2364,41.99599287996078,-70.7885956776219,19830.63,0.0,82351,10.0,4,32,7,5,1.0,1.0,6.0,10.65,9.95,9.15,8.75,9.25,8.45,8.35,7.449999999999999,True,True
1eef0b12-faff-65db-ba30-9dc6cb7cc328,2017-07-26,,999-32-3700,,,,Amira620,Altenwerth646,,,,white,nonhispanic,F,Bridgewater  Massachusetts  US,767 Heidenreich Lock Unit 32,Clinton,Massachusetts,Worcester County,25027.0,1510,42.450288553731006,-71.70289053270032,18601.83,0.0,56691,7.0,4,28,1,7,,3.0,,9.069805194805197,8.269805194805194,7.269805194805194,6.769805194805194,7.469805194805195,6.869805194805194,6.769805194805194,6.169805194805194,False,False
888a105d-547a-43a6-a8e4-4af09fe4cfcb,2012-03-21,,999-98-5749,,,,Ashlea10,Leffler128,,,,asian,nonhispanic,F,Orange  Massachusetts  US,303 Bogan Vale,Boston,Massachusetts,Suffolk County,25025.0,2129,42.265146296180994,-71.20143508043085,33179.86,3767.67,837548,12.0,4,34,5,8,2.0,3.0,3.0,11.911481910946195,10.511481910946197,9.711481910946196,9.311481910946195,9.911481910946195,8.911481910946197,8.611481910946196,7.311481910946196,True,True
27130e6a-fe8f-ca72-022f-9faea739ef4e,2012-06-22,,999-47-1398,,,,Yetta429,Considine820,,,,white,nonhispanic,F,Bridgewater  Massachusetts  US,662 Grant Trafficway Unit 2,Yarmouth,Massachusetts,Barnstable County,,0,41.67183273947246,-70.17904488869821,13267.07,38008.26,65607,12.0,5,43,5,5,4.0,4.0,3.0,7.96875,7.768750000000001,7.06875,6.76875,7.06875,6.36875,6.36875,5.66875,True,False
2c707b57-b172-f19f-18a5-a8e03efe2c4f,2017-01-12,,999-72-5958,,,,Oren284,Kshlerin58,,,,white,nonhispanic,M,Sandwich  Massachusetts  US,398 Hegmann Extension Unit 40,North Reading,Massachusetts,Middlesex County,,0,42.61476519201755,-71.13080216163816,11233.36,9247.73,27356,7.0,6,37,7,7,2.0,4.0,4.0,13.0,11.8,11.0,10.5,11.3,10.6,10.2,9.3,True,True
0d5caa6f-5882-2655-c0bb-1d57b7c18f24,2012-04-21,,999-26-9641,,,,Winfred745,Walter473,,,,white,nonhispanic,M,Westport  Massachusetts  US,708 Hansen Skyway,Hopkinton,Massachusetts,Middlesex County,25017.0,1748,42.247470285837416,-71.49366475671901,15302.92,8458.3,140643,12.0,3,30,8,5,1.0,1.0,6.0,10.0296875,9.1296875,8.2296875,7.6296875,8.4296875,7.7296875,7.6296875,6.7296875,True,False
e3dc8c1a-6960-030f-9832-4eacc68731f7,2011-12-26,,999-67-5306,,,,Benjamín452,Corrales691,,,,white,hispanic,M,Juarez  Chihuahua  MX,804 Funk Rapid,Lawrence,Massachusetts,Essex County,25009.0,1841,42.66473887265731,-71.12479973659542,4400.0,23128.33,19221,12.0,4,30,2,6,1.0,3.0,1.0,10.493501082251084,9.393501082251085,8.493501082251083,7.993501082251082,8.893501082251083,8.293501082251083,7.893501082251082,7.093501082251082,False,True
cc7f942c-3337-2127-c42e-3ef02aab2ece,2014-10-08,,999-46-8641,,,,Stacie105,Hartmann983,,,,white,nonhispanic,F,Acushnet  Massachusetts  US,475 Roberts Green,Worcester,Massachusetts,Worcester County,25027.0,1604,42.26385485072903,-71.84961912032685,20617.04,35922.7,38073,10.0,2,48,7,9,3.0,4.0,4.0,10.227619047619047,9.427619047619048,8.427619047619048,7.827619047619047,8.727619047619047,7.927619047619048,7.927619047619048,7.127619047619048,True,True
d89176f8-975a-374f-363a-2d2b622ad616,2014-10-02,,999-93-8227,,,,Marlon619,Schmidt332,,,,white,nonhispanic,M,Fall River  Massachusetts  US,1074 Howe Heights,Everett,Massachusetts,Middlesex County,25017.0,2149,42.380049548275714,-71.10500294206548,14260.56,5287.99,65996,10.0,4,29,4,6,,1.0,3.0,11.305,10.105,9.305,8.905,9.405,8.604999999999999,8.205,7.005,False,True
48bc6836-6a59-4599-8355-1acea8f10f03,2013-12-17,,999-32-5551,,,,Virgil85,Jacobson885,,,,white,nonhispanic,M,Methuen  Massachusetts  US,1096 Hamill Dale,Wakefield,Massachusetts,Middlesex County,25009.0,1940,42.5069378870072,-71.05113345130229,12666.21,25453.42,66682,10.0,6,52,4,8,2.0,14.0,3.0,10.930142857142856,9.630142857142856,8.830142857142857,8.430142857142856,9.130142857142856,8.330142857142857,7.930142857142856,6.930142857142857,False,True
ded40360-1bb2-334c-eb20-f06f8286b017,2018-10-03,,999-79-8966,,,,Miyoko154,Von197,,,,white,nonhispanic,F,Milton  Massachusetts  US,687 Emmerich Orchard Unit 9,Weymouth,Massachusetts,Norfolk County,25021.0,2188,42.18057554328524,-70.94311655478263,9580.66,9162.57,83728,6.0,4,28,3,6,,3.0,2.0,11.633928571428571,10.43392857142857,9.73392857142857,9.333928571428572,9.833928571428572,8.93392857142857,8.73392857142857,7.433928571428571,False,True
68d4332e-4887-3c1a-054c-9bf6f467f18d,2016-11-21,,999-53-8501,,,,Jewell855,Blanda868,,,,white,nonhispanic,M,Worcester  Massachusetts  US,826 Cummerata Glen,Brimfield,Massachusetts,Hampden County,,0,42.1585886916536,-72.21491791944965,16269.3,0.0,151172,8.0,5,27,1,6,1.0,,,8.42142857142857,7.821428571428571,6.721428571428572,6.121428571428572,6.921428571428571,6.221428571428572,6.421428571428571,5.5214285714285705,False,False
e8085161-58f6-b49b-4d20-c3a25caec3ba,2017-02-08,,999-32-5326,,,,Luz785,Prado282,,,,white,hispanic,F,San Juan  Puerto Rico  PR,373 Reynolds Wynd,Amherst,Massachusetts,Hampshire County,,0,42.37211603576197,-72.48074809121935,14158.29,0.0,138842,7.0,3,24,4,4,,,2.0,10.740934065934066,9.940934065934066,8.840934065934066,8.340934065934066,9.440934065934066,8.540934065934065,8.440934065934066,8.140934065934065,False,True
35122c6b-13d3-9f9f-6999-388b62d0d030,2016-08-28,,999-99-5972,,,,Polly738,Monahan736,,,,white,nonhispanic,F,Amesbury  Massachusetts  US,815 Zemlak Track,Beverly,Massachusetts,Essex County,25009.0,1915,42.54008128025964,-70.85579501422498,18818.22,3909.1,481217,8.0,3,29,1,4,,3.0,,9.7765625,8.876562499999999,8.076562500000001,7.6765625,8.4765625,7.7765625,7.476562500000001,6.4765625,False,False
844abecb-8135-5c08-08d5-44b844fb0ffe,2016-02-04,,999-78-9770,,,,Will178,Kuvalis369,,,,white,nonhispanic,M,Milton  Massachusetts  US,159 Gorczany Meadow,Haverhill,Massachusetts,Essex County,25009.0,1830,42.80108044140287,-71.06198943653615,19558.8,712.94,126851,8.0,5,28,2,6,1.0,1.0,1.0,9.904464285714289,8.904464285714287,8.004464285714286,7.5044642857142865,8.504464285714286,8.004464285714286,7.604464285714286,6.604464285714286,False,False
ee900421-b33a-4a77-d100-3c2d493e70e7,2013-02-27,,999-33-8156,,,,Corina534,Lynch190,,,,white,nonhispanic,F,Attleboro  Massachusetts  US,282 Johns View,Fitchburg,Massachusetts,Worcester County,25027.0,1420,42.62654108693168,-71.8320162053819,28904.04,583.07,73198,11.0,4,30,4,4,1.0,3.0,3.0,9.968579545454546,9.268579545454545,8.368579545454546,7.868579545454545,8.268579545454545,7.868579545454545,7.768579545454545,7.468579545454546,False,False
3844cdc0-48d2-b86e-3316-d937000d6fe3,2013-10-06,,999-76-7589,,,,Enrique929,Powlowski563,,,,white,nonhispanic,M,Wellesley  Massachusetts  US,808 White Boulevard,Quincy,Massachusetts,Norfolk County,25021.0,2186,42.307152626147214,-70.99330326184653,40279.79,269224.97,61365,11.0,4,62,8,5,2.0,1.0,4.0,11.992534090909093,10.69253409090909,9.892534090909091,9.492534090909093,10.09253409090909,9.09253409090909,8.79253409090909,7.492534090909091,True,True
51a451a0-3f60-f806-9e43-72bf3fd1b150,2014-06-18,,999-14-9924,,,,Veta780,Hartmann983,,,,white,nonhispanic,F,Northborough  Massachusetts  US,847 Beer Heights Apt 95,Lowell,Massachusetts,Middlesex County,25017.0,1850,42.67112002885546,-71.28457897252913,19164.99,786.59,73815,10.0,6,25,2,3,1.0,,1.0,10.687624950806768,9.587624950806768,8.587624950806768,8.187624950806768,8.887624950806769,8.28762495080677,7.987624950806769,7.387624950806769,False,True
01445a84-d198-1ec6-58fb-e72d60c8d500,2017-04-19,,999-90-2637,,,,Clint766,Volkman526,,,,asian,nonhispanic,M,Lexington  Massachusetts  US,218 Gulgowski Bay,Winchendon,Massachusetts,Worcester County,25027.0,1475,42.62173065963502,-72.03723420043282,19125.52,0.0,48762,7.0,1,26,3,5,,1.0,2.0,8.714285714285714,8.314285714285715,7.514285714285714,6.914285714285715,7.314285714285714,6.914285714285715,6.814285714285714,6.814285714285714,False,False
6738ed3b-4fa5-1201-01ab-d9b9083ac2f6,2016-05-07,,999-66-9465,,,,Bobbie849,Klocko335,,,,white,nonhispanic,M,Boston  Massachusetts  US,774 Gorczany Frontage road Suite 50,Franklin,Massachusetts,Norfolk County,25021.0,2038,42.1195144517191,-71.4549145341322,23515.1,3494.77,121259,8.0,5,30,6,3,2.0,1.0,4.0,11.287611607142855,10.487611607142856,9.487611607142856,8.887611607142858,9.787611607142855,8.987611607142856,8.887611607142858,7.8876116071428575,True,True
eeadd27b-303b-9c4a-e512-a20150a889d3,2016-01-06,,999-62-8861,,,,Mack300,Schowalter414,,,,black,nonhispanic,M,Boston  Massachusetts  US,265 Stanton Gate Apt 25,Carver,Massachusetts,Plymouth County,,0,41.89014795156766,-70.71886009787276,3946.83,11341.44,45517,8.0,5,27,4,3,,,3.0,9.5875,8.8875,8.0875,7.6875,8.1875,7.387499999999999,7.2875,6.387499999999999,False,False
9e52b44c-822b-42c9-44a9-8355b862bf20,2014-03-10,,999-52-8771,,,,Laura391,Olivo261,,,,white,hispanic,F,Caracas  Capital District  VE,655 McClure Gateway,Fall River,Massachusetts,Bristol County,25005.0,2747,41.66540581826706,-70.97348782587486,23781.43,0.0,65452,10.0,4,35,3,5,2.0,4.0,2.0,9.097012987012986,8.497012987012987,7.597012987012987,7.097012987012987,7.797012987012986,6.797012987012987,6.797012987012987,5.897012987012987,False,False
cc0d516b-38aa-e15d-bbbe-227dee8107c5,2016-10-03,,999-34-7438,,,,Thomasine260,Satterfield305,,,,white,nonhispanic,F,Boston  Massachusetts  US,707 Rice Crossroad Suite 23,Gardner,Massachusetts,Worcester County,25027.0,1440,42.55546529852458,-71.95091082510591,18497.96,0.0,126912,8.0,4,24,3,4,,,1.0,8.9484375,8.5484375,7.6484375,7.0484375,7.448437500000001,7.0484375,7.0484375,6.7484375,False,False
40f0d686-b84e-4ff1-710a-aac7f8e88fe8,2018-02-17,,999-14-3845,,,,Carmina141,Stroman228,,,,white,nonhispanic,F,Reading  Massachusetts  US,265 Tremblay Club Unit 20,Sturbridge,Massachusetts,Worcester County,25027.0,1507,42.15256520122737,-72.10870501637807,52642.74,38995.3,812602,6.0,6,23,2,5,2.0,,1.0,9.46590909090909,8.665909090909091,7.565909090909091,6.965909090909091,7.765909090909091,7.0659090909090905,7.265909090909091,6.265909090909091,False,False
825130d7-88e4-c7f1-d8d3-13b1d62061f7,2014-03-22,,999-91-2532,,,,Nubia715,Nicolas769,,,,black,nonhispanic,F,Whitman  Massachusetts  US,964 Hudson Avenue,North Attleborough,Massachusetts,Bristol County,,0,42.015758663353374,-71.35767030935891,2950.0,15526.76,5824,10.0,6,33,4,5,1.0,3.0,2.0,9.946581818181818,9.246581818181818,8.246581818181818,7.746581818181818,8.646581818181819,7.646581818181819,7.546581818181817,6.646581818181818,False,False
1ebb8037-f48c-5aae-61b8-bca2b28fd86e,2018-04-16,,999-56-5258,,,,Lisa683,Durgan499,,,,white,nonhispanic,F,Quincy  Massachusetts  US,533 Wuckert Junction Suite 37,Wilmington,Massachusetts,Middlesex County,25017.0,1887,42.5733343459968,-71.15058399309218,8051.91,8174.95,141803,6.0,3,31,1,5,1.0,2.0,,10.514772727272728,9.314772727272729,8.414772727272727,8.014772727272728,8.714772727272727,8.014772727272728,7.614772727272727,6.814772727272727,False,False
145e32b3-1869-4a7d-b9a1-3155ab068ecd,2015-03-12,,999-41-2232,,,,Carina240,Jaskolski867,,,,white,nonhispanic,F,Salem  Massachusetts  US,503 Walsh Path Apt 83,Boston,Massachusetts,Suffolk County,25025.0,2126,42.31617079348654,-71.17631380509728,10234.16,14840.92,52693,9.0,2,38,1,7,2.0,2.0,,11.911481910946195,10.511481910946197,9.711481910946196,9.311481910946195,9.911481910946195,8.911481910946197,8.611481910946196,7.311481910946196,False,True
f30625ce-2ec2-0243-e839-4d724f717f3a,2015-09-28,,999-89-4843,,,,Gretta175,Gibson10,,,,asian,nonhispanic,F,Dartmouth  Massachusetts  US,399 Kuhlman Heights Apt 31,Medford,Massachusetts,Middlesex County,25017.0,2155,42.45629994246433,-71.12033435555927,22176.33,6810.02,100332,9.0,6,27,3,3,1.0,3.0,2.0,11.195535714285716,9.995535714285715,9.195535714285716,8.795535714285714,9.295535714285714,8.495535714285715,8.095535714285715,6.895535714285714,False,True
c862aa4a-9046-2cce-f3bb-b13eb2f2107c,2016-03-21,,999-16-3567,,,,Felipe97,Ríos175,,,,white,hispanic,M,San Jose  San Jose  CR,470 Gislason Fork Apt 28,Westfield,Massachusetts,Hampden County,25013.0,1085,42.185344788171065,-72.79270070210804,18382.39,0.0,82511,8.0,3,26,1,4,1.0,1.0,,10.22734375,9.52734375,8.427343749999999,7.82734375,9.02734375,7.927343749999999,8.02734375,7.52734375,False,True
dcdad9b4-7e73-cbb8-2da0-56e2170aaf3a,2017-11-22,,999-71-4414,,,,Phyllis779,Borer986,,,,white,nonhispanic,F,Somerville  Massachusetts  US,109 Gerlach View,Boston,Massachusetts,Suffolk County,25025.0,2136,42.33734817959164,-71.0888220130054,16162.96,0.0,941059,6.0,5,26,2,6,,2.0,1.0,11.911481910946195,10.511481910946197,9.711481910946196,9.311481910946195,9.911481910946195,8.911481910946197,8.611481910946196,7.311481910946196,False,True
3e060119-358b-7cd5-b4a3-42257e5d5e40,2015-11-29,,999-86-9795,,,,Penelope500,Dickinson688,,,,asian,nonhispanic,F,Cohasset  Massachusetts  US,299 Hirthe Path Apt 67,Lynn,Massachusetts,Essex County,25009.0,1904,42.576826913564105,-71.0049856338159,3382.98,22058.63,12711,8.0,6,39,5,8,2.0,1.0,4.0,11.278053977272728,10.178053977272729,9.378053977272728,8.978053977272726,9.578053977272727,8.778053977272727,8.478053977272726,7.378053977272727,True,True
9db22d08-2552-503e-a144-3196912f0d57,2016-05-07,,999-47-6154,,,,Aurelio227,Torp761,,,,white,nonhispanic,M,Duxbury  Massachusetts  US,535 Kerluke Branch Suite 54,Fitchburg,Massachusetts,Worcester County,25027.0,1420,42.58983771382129,-71.7951650903652,13307.27,0.0,50414,8.0,3,23,3,3,,1.0,2.0,9.968579545454546,9.268579545454545,8.368579545454546,7.868579545454545,8.268579545454545,7.868579545454545,7.768579545454545,7.468579545454546,False,False
39039203-24b0-db4c-ba17-ca9c2110922b,2017-04-03,,999-46-3458,,,,Tobias236,Wisozk929,,,,white,nonhispanic,M,New Bedford  Massachusetts  US,365 Howe Heights,Middleborough,Massachusetts,Plymouth County,,0,41.85877392967221,-70.84748688563663,44937.98,0.0,72053,7.0,6,31,1,6,1.0,3.0,,9.165401785714286,8.265401785714285,7.365401785714286,6.965401785714286,7.565401785714285,6.765401785714286,6.565401785714286,5.665401785714286,False,False
f930adaa-1348-89ab-ceb4-1de6eee179bc,2014-09-23,,999-63-1959,,,,Keenan632,Senger904,,,,white,nonhispanic,M,Montague  Massachusetts  US,353 Jenkins Center,Billerica,Massachusetts,Middlesex County,,0,42.53017570326163,-71.29340057333087,9482.15,13849.06,148161,10.0,2,40,4,7,1.0,3.0,3.0,11.271916666666666,10.071916666666668,9.171916666666666,8.671916666666666,9.371916666666666,8.671916666666666,8.371916666666666,7.671916666666667,False,True
6aeaee41-4ff4-1625-f52d-170ac31b2dae,2017-09-24,,999-83-2695,,,,Lauri399,Cartwright189,,,,white,nonhispanic,F,Williamstown  Massachusetts  US,591 Hackett Forge,Wareham,Massachusetts,Plymouth County,,0,41.74474432841498,-70.71175297319182,9185.96,7671.15,352408,7.0,3,24,2,3,1.0,,1.0,8.367857142857144,7.867857142857143,6.967857142857143,6.667857142857143,7.167857142857142,6.367857142857143,6.367857142857143,5.467857142857143,False,False
1d1fa99f-d2b8-e1c5-d631-ceb164b87fec,2016-12-24,,999-44-1030,,,,Dustin31,Hudson301,,,,white,nonhispanic,M,Weymouth  Massachusetts  US,147 Leffler Well Suite 20,Ayer,Massachusetts,Middlesex County,25017.0,1432,42.57292663398396,-71.56727257379012,12023.25,9451.7,119498,7.0,2,29,2,6,1.0,1.0,1.0,9.367857142857144,8.567857142857143,7.567857142857142,7.067857142857142,7.567857142857142,7.167857142857142,6.967857142857143,6.567857142857142,False,False
cb0a742c-d4bf-316f-1606-3aa91f03b118,2013-06-05,,999-89-6003,,,,Ted955,Swift555,,,,white,nonhispanic,M,Malden  Massachusetts  US,487 Denesik Throughway Suite 1,Lawrence,Massachusetts,Essex County,25009.0,1843,42.649010810326565,-71.13337338936785,2965.0,23226.19,9998,11.0,6,33,4,5,1.0,4.0,2.0,10.493501082251084,9.393501082251085,8.493501082251083,7.993501082251082,8.893501082251083,8.293501082251083,7.893501082251082,7.093501082251082,False,True
d6811521-cecb-6866-52f8-fc5e9f508eae,2013-06-04,,999-69-7511,,,,Sancho742,Carreón894,,,,white,hispanic,M,Marigot  Saint Andrew Parish  DM,178 Hackett Fort Apt 83,Athol,Massachusetts,Worcester County,25027.0,1331,42.54201303921256,-72.27665149090903,28034.98,40224.27,51584,11.0,3,61,6,2,2.0,1.0,5.0,9.361363636363636,8.861363636363636,7.961363636363636,7.461363636363636,7.961363636363636,7.461363636363636,7.461363636363636,7.361363636363636,True,False
6ec96fac-0759-023d-9be0-b3cc233bab0a,2014-01-03,,999-35-1636,,,,Curt84,VonRueden376,,,,white,nonhispanic,M,Lowell  Massachusetts  US,883 Auer Brook,Somerset,Massachusetts,Bristol County,25005.0,2725,41.68228297459548,-71.20440084533325,7606.36,32866.69,863975,10.0,4,41,4,6,2.0,6.0,3.0,10.221,9.621,8.721,8.221,8.921,8.021,7.921,7.121,False,True
80c01dfd-2b19-bda6-0177-08cdafcd928c,2018-11-17,,999-81-2116,,,,Myesha901,Nicolas769,,,,white,nonhispanic,F,Charlton  Massachusetts  US,819 Gottlieb Center,Lexington,Massachusetts,Middlesex County,25017.0,2420,42.40738632276181,-71.20050649368213,12176.67,0.0,91576,6.0,3,20,2,3,1.0,,1.0,11.413636363636364,10.113636363636363,9.313636363636364,8.813636363636363,9.413636363636364,8.713636363636363,8.313636363636363,7.413636363636363,False,True
1994961b-e57e-96ab-641f-60152b37936f,2017-11-06,,999-93-6888,,,,Emile522,Cartwright189,,,,white,nonhispanic,M,Marlborough  Massachusetts  US,777 Nader Manor Apt 72,Abington,Massachusetts,Plymouth County,25023.0,2351,42.157890724641,-70.97213557598403,15166.95,1367.9,729013,7.0,2,26,2,4,1.0,2.0,1.0,10.730194805194804,9.430194805194803,8.730194805194804,8.230194805194804,8.730194805194804,7.930194805194805,7.730194805194804,6.530194805194805,False,False
f0141b6d-a271-f612-9d44-4f27d137a662,2014-07-16,,999-13-8555,,,,Beatris270,Cremin516,,,,white,nonhispanic,F,Agawam  Massachusetts  US,411 Weimann Rapid Apt 56,Salisbury,Massachusetts,Essex County,25009.0,1952,42.85180090741246,-70.85443540262294,15062.68,8770.76,30804,10.0,5,41,7,7,,3.0,5.0,10.52421875,10.02421875,9.32421875,8.82421875,9.62421875,9.02421875,8.724218749999999,7.82421875,True,True
a9a6e875-d5af-cfae-d091-298b9ac352bc,2013-06-28,,999-22-4252,,,,Demetrius568,Turner526,,,,asian,nonhispanic,M,Braintree  Massachusetts  US,346 Schneider Fork Suite 29,Malden,Massachusetts,Middlesex County,25017.0,2155,42.46059541920028,-71.10385432319848,3757.67,25968.67,3836,11.0,2,36,8,6,1.0,4.0,7.0,11.01909090909091,9.819090909090908,9.01909090909091,8.61909090909091,9.11909090909091,8.319090909090908,7.91909090909091,6.819090909090909,True,True
b1d6c19e-3458-73f6-9be3-f147eb0bd90c,2013-06-27,,999-81-2659,,,,Mose244,Mertz280,,,,white,nonhispanic,M,Duxbury  Massachusetts  US,360 Abshire Light,Middleton,Massachusetts,Essex County,,0,42.60767389468043,-70.99014815071757,14274.95,13049.21,71112,11.0,5,36,4,6,2.0,5.0,3.0,9.860227272727272,8.760227272727272,7.960227272727272,7.460227272727272,8.360227272727272,7.6602272727272736,7.260227272727273,6.260227272727273,False,False
bf06d7e7-25f5-bbf4-d7dc-fe39643579c0,2012-02-14,,999-85-6508,,,,Joseph689,Torphy630,,,,white,nonhispanic,M,Medford  Massachusetts  US,410 Thiel Bridge Apt 19,Dudley,Massachusetts,Worcester County,,0,42.02415500416426,-71.97132274941988,16115.15,13697.71,107333,12.0,4,42,11,8,2.0,3.0,8.0,11.68125,10.88125,9.78125,9.18125,9.98125,9.18125,9.38125,8.28125,True,True
1aa6d03f-d3b0-3d95-1a69-b2f2fc39b268,2012-11-02,,999-76-3397,,,,Nichol11,Reichel38,,,,white,nonhispanic,F,Boston  Massachusetts  US,346 Mitchell Flat,Norton,Massachusetts,Bristol County,,0,41.9365253213307,-71.2212192924215,11754.89,7161.43,27093,12.0,2,24,5,3,1.0,1.0,4.0,10.26875,9.26875,8.36875,7.86875,8.66875,7.768750000000001,7.56875,6.66875,True,False
987f0fee-4e41-9d33-b789-089e32bc0119,2015-04-09,2020-03-21,999-50-7433,,,,Inés791,Gallegos952,,,,white,hispanic,F,Lima  Lima Province  PE,731 Ratke Fork Apt 2,Billerica,Massachusetts,Middlesex County,,0,42.520395199046106,-71.24233361132619,23676.04,30616.41,120737,9.0,4,34,2,9,2.0,1.0,1.0,11.271916666666666,10.071916666666668,9.171916666666666,8.671916666666666,9.371916666666666,8.671916666666666,8.371916666666666,7.671916666666667,False,True
1344af85-137a-36ba-dfb8-9849394e49f2,2013-05-02,,999-85-8839,,,,Robin66,Beatty507,,,,white,nonhispanic,M,Canton  Massachusetts  US,803 Borer Well,Falmouth,Massachusetts,Barnstable County,25001.0,2540,41.62117552528184,-70.59456128497543,10229.28,7707.05,111565,11.0,2,26,4,4,1.0,2.0,3.0,8.662662337662338,8.362662337662337,7.562662337662337,7.262662337662338,7.662662337662338,6.8626623376623375,6.8626623376623375,6.062662337662337,False,False
c7e146c3-6e47-2bdd-64b4-fac7c9839db3,2013-12-06,,999-96-1471,,,,Wendell199,Donnelly343,,,,white,nonhispanic,M,West Bridgewater  Massachusetts  US,997 O'Kon Route Unit 14,Springfield,Massachusetts,Hampden County,25013.0,1129,42.0198898822789,-72.59776234413357,4000.0,21364.81,24602,10.0,5,40,7,6,,4.0,4.0,10.908357771260995,10.008357771260998,8.708357771260998,8.108357771260998,9.608357771260998,8.308357771260997,8.308357771260997,7.708357771260997,True,True
e8c97264-4815-b150-7a7b-513988019b0d,2017-11-15,,999-40-7592,,,,Yajaira121,Bode78,,,,white,nonhispanic,F,Newton  Massachusetts  US,640 Wiegand Avenue,Chicopee,Massachusetts,Hampden County,25013.0,1020,42.16648184794486,-72.5962096042374,1616.27,23516.85,22280,7.0,6,34,3,5,3.0,5.0,1.0,10.497727272727271,9.697727272727272,8.397727272727273,7.897727272727272,9.197727272727272,7.997727272727272,7.997727272727272,7.397727272727272,False,True
0d0b2eae-a116-90cf-b65d-99fcb0e2a601,2014-11-28,,999-40-2794,,,,Ma484,McLaughlin530,,,,black,nonhispanic,F,Whitinsville  Massachusetts  US,251 Bailey Meadow,Wilmington,Massachusetts,Middlesex County,25017.0,1887,42.573716263814646,-71.15813895068345,19011.18,1920.25,52569,9.0,1,30,4,3,1.0,1.0,3.0,10.514772727272728,9.314772727272729,8.414772727272727,8.014772727272728,8.714772727272727,8.014772727272728,7.614772727272727,6.814772727272727,False,False
7a72a44f-bdd9-d38c-c3f4-bccc9224ff57,2012-12-12,,999-90-5908,,,,Ronald408,White193,,,,white,nonhispanic,F,Boston  Massachusetts  US,977 Strosin Grove,Lynn,Massachusetts,Essex County,25009.0,1906,42.501865202764414,-70.90484297523773,16117.75,9438.64,28048,11.0,3,34,8,5,1.0,2.0,6.0,11.278053977272728,10.178053977272729,9.378053977272728,8.978053977272726,9.578053977272727,8.778053977272727,8.478053977272726,7.378053977272727,True,True
46c5b7e3-1709-843f-b5f8-073bb12b09ef,2012-03-29,,999-99-3612,,,,Vannesa928,Thompson596,,,,white,nonhispanic,F,Hanover  Massachusetts  US,947 Krajcik Landing Suite 29,Greenfield,Massachusetts,Franklin County,25011.0,1301,42.64241400806144,-72.55378133745343,3500.0,22602.03,1051,12.0,5,27,6,5,1.0,3.0,4.0,9.2875,8.7875,7.887499999999999,7.387499999999999,8.2875,7.587499999999999,7.387499999999999,7.4875,True,False
d5a8ac50-b89f-6a0b-81cf-4e3645027f53,2013-09-24,,999-65-9627,,,,Wilson960,Cormier289,,,,white,nonhispanic,M,Holyoke  Massachusetts  US,466 Corkery Village,Sturbridge,Massachusetts,Worcester County,25027.0,1566,42.09526314925068,-72.07400544628022,13558.67,5335.99,636706,11.0,2,24,5,2,1.0,,4.0,9.46590909090909,8.665909090909091,7.565909090909091,6.965909090909091,7.765909090909091,7.0659090909090905,7.265909090909091,6.265909090909091,True,False
35b41c52-fbee-d1bd-3ebf-3438fb29cd8e,2013-11-11,,999-88-3660,,,,Odilia72,Ward668,,,,white,nonhispanic,F,Hanover  Massachusetts  US,187 Hirthe Esplanade,Dracut,Massachusetts,Middlesex County,,0,42.69813829160214,-71.3120923289977,21700.07,2524.7,882732,11.0,5,28,4,3,2.0,,2.0,10.490097402597405,9.390097402597403,8.490097402597403,7.990097402597402,8.790097402597404,8.190097402597404,7.890097402597402,7.290097402597403,False,True
4a26174a-2554-bfc3-7b72-a23597118d86,2017-10-29,,999-93-8198,,,,Paola523,Nikolaus26,,,,white,nonhispanic,F,Attleboro  Massachusetts  US,525 Kiehn Route Suite 32,Lynnfield,Massachusetts,Essex County,25009.0,1940,42.552474645987495,-71.07003773489934,11971.1,5144.26,962283,7.0,3,30,2,6,1.0,1.0,1.0,10.467857142857143,9.267857142857144,8.367857142857144,7.9678571428571425,8.767857142857144,7.9678571428571425,7.567857142857142,6.567857142857142,False,False
6b8d0823-0579-6310-fe4b-7b771ce54c6d,2013-01-02,,999-52-6926,,,,Casey401,Hackett68,,,,white,nonhispanic,M,Waltham  Massachusetts  US,567 Gerhold Quay Unit 10,Andover,Massachusetts,Essex County,25009.0,1810,42.63673177074924,-71.148571817409,24279.17,2354.42,113713,11.0,2,28,2,6,,2.0,1.0,11.725,10.525,9.625,9.225,10.025,9.425,9.025,8.125,False,True
6e997064-bbbe-3d38-9a10-e6910f8b2b91,2016-11-13,,999-75-4095,,,,Wendolyn786,Kris249,,,,white,nonhispanic,F,Boston  Massachusetts  US,560 Considine Estate,Franklin,Massachusetts,Norfolk County,25021.0,2038,42.08044480476897,-71.42620885270368,12543.29,2821.66,64071,8.0,3,27,4,4,1.0,,2.0,11.287611607142855,10.487611607142856,9.487611607142856,8.887611607142858,9.787611607142855,8.987611607142856,8.887611607142858,7.8876116071428575,False,True
b15b436c-b543-5642-07bf-b69f1aefd3ce,2012-05-10,,999-83-5815,,,,Melvina326,Satterfield305,,,,white,hispanic,F,Boston  Massachusetts  US,408 Ward Lock,Wrentham,Massachusetts,Norfolk County,,0,42.0619701202354,-71.39088579413092,34487.25,2340.8,117197,12.0,2,40,4,11,3.0,4.0,2.0,9.95,9.05,8.15,7.550000000000001,8.450000000000001,7.550000000000001,7.450000000000001,6.449999999999999,False,False
d75f5a34-2349-85f0-bc15-722395d15fbd,2017-10-24,,999-66-1569,,,,Margarita164,Padrón382,,,,black,hispanic,F,Caracas  Capital District  VE,364 Bashirian Vista,Haverhill,Massachusetts,Essex County,25009.0,1830,42.70412685985118,-71.1329851923107,13936.62,433.08,132151,7.0,5,25,2,5,,2.0,1.0,9.904464285714289,8.904464285714287,8.004464285714286,7.5044642857142865,8.504464285714286,8.004464285714286,7.604464285714286,6.604464285714286,False,False
83bfb128-7e6f-ba9a-80ac-ddc2bf5ce6e3,2013-07-17,,999-33-6962,,,,Rodrigo242,Jaimes535,,,,white,hispanic,M,Salisbury  Saint Joseph Parish  DM,378 Ankunding Orchard Suite 43,Framingham,Massachusetts,Middlesex County,25017.0,1701,42.34025322971966,-71.4396055080265,21077.78,32495.89,633626,11.0,5,59,7,2,3.0,,4.0,11.332122564935064,10.332122564935064,9.432122564935066,8.832122564935064,9.632122564935065,8.932122564935066,8.732122564935064,7.832122564935065,True,True
08979fe5-590c-ce9e-31c5-6a57f364a50d,2013-10-06,,999-81-9098,,,,Sharri659,Klein929,,,,white,nonhispanic,F,Holyoke  Massachusetts  US,915 Koss Bypass,North Attleborough,Massachusetts,Bristol County,,0,41.9807032780593,-71.35455649709169,23471.28,1873.73,143759,11.0,3,27,3,5,2.0,1.0,2.0,9.946581818181818,9.246581818181818,8.246581818181818,7.746581818181818,8.646581818181819,7.646581818181819,7.546581818181817,6.646581818181818,False,False
abd1a6d9-df56-ed3f-0787-e4177f6ddeea,2015-01-12,,999-79-8723,,,,Valentine262,Barrows492,,,,white,nonhispanic,F,Athol  Massachusetts  US,647 Miller Corner Suite 71,Springfield,Massachusetts,Hampden County,25013.0,1108,42.17337833330554,-72.55185012941982,2900.0,17012.51,9986,9.0,4,34,5,7,1.0,1.0,2.0,10.908357771260995,10.008357771260998,8.708357771260998,8.108357771260998,9.608357771260998,8.308357771260997,8.308357771260997,7.708357771260997,True,True
7c6f3889-bab5-b6e2-86b5-a0d402e54356,2015-11-06,,999-79-6488,,,,Kiyoko456,Ziemann98,,,,white,nonhispanic,F,Revere  Massachusetts  US,201 Bashirian Street Unit 71,Boston,Massachusetts,Suffolk County,25025.0,2134,42.41977076534089,-71.06758855764986,14150.1,0.0,69163,9.0,4,23,2,2,1.0,,1.0,11.911481910946195,10.511481910946197,9.711481910946196,9.311481910946195,9.911481910946195,8.911481910946197,8.611481910946196,7.311481910946196,False,True
fa35dbfe-4745-48b8-0ba9-b993892c1d2e,2017-11-04,,999-43-7098,,,,Kathlyn335,Dickinson688,,,,asian,nonhispanic,F,Beijing  Beijing Municipality  CN,1073 Windler Quay,Westford,Massachusetts,Middlesex County,,0,42.611107664611154,-71.43578235978923,18658.62,0.0,71362,7.0,3,24,4,5,,,2.0,10.027232142857144,9.027232142857144,8.027232142857143,7.527232142857144,8.227232142857142,7.727232142857143,7.427232142857144,6.927232142857143,False,False
3d86930f-b98b-d324-47e3-9f29f1abc9d0,2016-03-11,,999-99-4297,,,,Eugena417,Champlin946,,,,white,nonhispanic,F,Springfield  Massachusetts  US,230 Harvey Rapid,Nantucket,Massachusetts,Nantucket County,25019.0,2554,41.30756930116136,-70.14267222357357,15382.94,0.0,37806,8.0,3,27,2,6,1.0,,1.0,6.350781250000001,6.750781249999999,6.15078125,5.850781250000001,5.95078125,5.45078125,5.350781250000001,4.95078125,False,False
c7443507-21c1-6c15-c71b-2895ced99eec,2014-06-13,,999-21-4582,,,,Ozella681,Bins636,,,,white,nonhispanic,F,Chicopee  Massachusetts  US,109 Lowe Trail Unit 56,Dartmouth,Massachusetts,Bristol County,,0,41.60351063271635,-70.96263724845875,7245.8,12149.49,61187,10.0,5,38,7,4,1.0,4.0,4.0,9.26,8.76,7.859999999999999,7.46,7.960000000000001,7.16,7.16,6.16,True,False
233c1e71-3898-fd56-9d23-cfbc3abb4877,2013-03-04,,999-38-2196,,,,Julienne688,Baumbach677,,,,white,nonhispanic,F,Melrose  Massachusetts  US,248 Mohr Lodge Unit 73,Cohasset,Massachusetts,Norfolk County,,0,42.24521911260587,-70.84405659189801,16089.97,13998.74,32532,11.0,1,35,5,11,,3.0,4.0,9.913636363636364,9.013636363636364,8.313636363636363,8.013636363636364,8.313636363636363,7.713636363636363,7.513636363636364,6.413636363636363,True,False
e4c1b1fc-af91-9d34-5665-c9f48ed161f0,2014-10-14,,999-80-2828,,,,Robin66,Kreiger457,,,,white,nonhispanic,F,Montague  Massachusetts  US,756 Streich Common Unit 63,Lawrence,Massachusetts,Essex County,25009.0,1840,42.6816831585458,-71.13937939032002,2150.0,11785.3,15175,10.0,2,23,3,3,,,2.0,10.493501082251084,9.393501082251085,8.493501082251083,7.993501082251082,8.893501082251083,8.293501082251083,7.893501082251082,7.093501082251082,False,True
68792666-2d08-5c5b-b9fc-3a129059ab20,2016-10-10,,999-34-3418,,,,Foster87,Hammes673,,,,black,nonhispanic,M,Middleborough  Massachusetts  US,773 Murphy Junction Apt 30,Boston,Massachusetts,Suffolk County,25025.0,2108,42.36121943486853,-71.07955579135714,4230.45,82514.6,1366,8.0,5,35,2,3,7.0,,1.0,11.911481910946195,10.511481910946197,9.711481910946196,9.311481910946195,9.911481910946195,8.911481910946197,8.611481910946196,7.311481910946196,False,True
e60b63b0-c656-8e40-44e8-a3ffc74d8289,2016-04-17,,999-48-1765,,,,Minnie888,Osinski784,,,,hawaiian,nonhispanic,F,Essex  Massachusetts  US,994 Flatley Loaf,Somerville,Massachusetts,Middlesex County,25017.0,2140,42.42774594675055,-71.1464849175517,15544.33,747.97,69198,8.0,3,30,4,5,,3.0,2.0,12.16278409090909,10.862784090909091,10.16278409090909,9.76278409090909,10.26278409090909,9.362784090909091,8.962784090909091,7.762784090909091,False,True
202b8051-eb9c-83e0-4f84-ac88f1e7cb9f,2016-02-16,,999-61-4482,,,,Francesca650,Hauck852,,,,black,nonhispanic,F,Boston  Massachusetts  US,185 Wuckert Fort,Braintree,Massachusetts,Norfolk County,25021.0,2184,42.22023844387395,-70.97335557708088,14544.0,13283.85,537331,8.0,1,30,2,7,,2.0,1.0,11.013854166666668,9.713854166666668,9.013854166666668,8.513854166666667,9.013854166666668,8.113854166666666,7.813854166666667,6.613854166666666,False,False
